#{"t_start": 1787291444.3183281, "env_id": "None"}
r,l,t,success,collision,max_y
-0.14,14,0.639379,False,True,1
-0.13,13,0.642013,False,True,1
-0.06,6,0.643145,False,True,1
-0.19,19,0.646414,False,True,1
-0.09,9,0.648385,False,True,1
-0.04,4,0.649308,False,True,1
-0.01,1,0.649541,False,True,1
1.84,16,0.652802,False,True,3
-0.04,4,0.653724,False,True,1
1.8,20,0.65951,False,True,3
-0.09,9,0.661138,False,True,1
0.94,6,0.662244,False,True,2
0.47,53,0.672063,False,True,2
-0.08,8,0.673494,False,True,1
-0.03,3,0.674039,False,True,1
-0.03,3,0.674733,False,True,1
-0.18,18,0.677818,False,True,1
-0.13,13,0.680202,False,True,1
1.8,20,0.683497,False,True,3
0.76,24,0.688349,False,True,2
-0.12,12,0.690732,False,True,1
-0.06,6,0.691752,False,True,1
-0.05,5,0.692651,False,True,1
-0.01,1,0.692962,False,True,1
-0.09,9,0.694514,False,True,1
0.88,12,0.696566,False,True,2
-0.04,4,0.697316,False,True,1
-0.02,2,0.697749,False,True,1
1.88,12,0.700479,False,True,3
-0.04,4,0.701222,False,True,1
-0.05,5,0.702086,False,True,1
0.81,19,0.705236,False,True,2
0.93,7,0.706467,False,True,2
-0.01,1,0.70668,False,True,1
-0.01,1,0.706886,False,True,1
0.84,16,0.710065,False,True,2
-0.05,5,0.71098,False,True,1
-0.02,2,0.711392,False,True,1
-0.21,21,0.714946,False,True,1
-0.1,10,0.716674,False,True,1
-0.04,4,0.717396,False,True,1
-0.06,6,0.718472,False,True,1
-0.24,24,0.722428,False,True,1
-0.27,27,0.726731,False,True,1
-0.03,3,0.727265,False,True,1
-0.15,15,0.730284,False,True,1
-0.07,7,0.7319,False,True,1
1.89,11,0.734229,False,True,3
-0.07,7,0.735603,False,True,1
-0.14,14,0.738479,False,True,1
1.64,36,0.745291,False,True,3
-0.08,8,0.746892,False,True,1
-0.11,11,0.748964,False,True,1
-0.03,3,0.749644,False,True,1
0.95,5,0.750641,False,True,2
1.87,13,0.753459,False,True,3
1.93,7,0.754789,False,True,3
1.96,4,0.755529,False,True,3
0.92,8,0.756932,False,True,2
1.87,13,0.759131,False,True,3
-0.06,6,0.760149,False,True,1
-0.11,11,0.761938,False,True,1
0.95,5,0.762789,False,True,2
1.92,8,0.764655,False,True,3
0.89,11,0.767104,False,True,2
-0.03,3,0.767656,False,True,1
-0.1,10,0.769289,False,True,1
0.87,13,0.771557,False,True,2
3.74,26,0.776537,False,True,5
0.94,6,0.777628,False,True,2
-0.09,9,0.779139,False,True,1
-0.13,13,0.781305,False,True,1
-0.13,13,0.783826,False,True,1
-0.09,9,0.785315,False,True,1
-0.02,2,0.785682,False,True,1
0.89,11,0.787464,False,True,2
-0.03,3,0.787989,False,True,1
1.91,9,0.789998,False,True,3
-0.05,5,0.791079,False,True,1
-0.14,14,0.793802,False,True,1
1.88,12,0.796008,False,True,3
-0.08,8,0.797496,False,True,1
-0.15,15,0.800412,False,True,1
-0.01,1,0.800637,False,True,1
0.93,7,0.801801,False,True,2
-0.12,12,0.804024,False,True,1
0.82,18,0.807252,False,True,2
-0.06,6,0.8086,False,True,1
0.88,12,0.810747,False,True,2
-0.04,4,0.811468,False,True,1
1.95,5,0.812358,False,True,3
-0.14,14,0.814867,False,True,1
-0.12,12,0.81762,False,True,1
0.81,19,0.820757,False,True,2
-0.03,3,0.821301,False,True,1
1.89,11,0.823114,False,True,3
-0.07,7,0.824279,False,True,1
-0.05,5,0.825129,False,True,1
-0.01,1,0.825522,False,True,1
-0.05,5,0.826496,False,True,1
1.9,10,0.828171,False,True,3
0.94,6,0.829183,False,True,2
1.92,8,0.830512,False,True,3
1.85,15,0.832929,False,True,3
1.9,10,0.834574,False,True,3
1.92,8,0.836398,False,True,3
-0.03,3,0.836946,False,True,1
-0.01,1,0.837165,False,True,1
-0.11,11,0.839228,False,True,1
0.75,25,0.843736,False,True,2
0.89,11,0.846326,False,True,2
-0.02,2,0.846864,False,True,1
0.95,5,0.848092,False,True,2
0.92,8,0.851133,False,True,2
-0.05,5,0.852173,False,True,1
-0.01,1,0.8524,False,True,1
-0.08,8,0.853749,False,True,1
0.96,4,0.854485,False,True,2
-0.21,21,0.85925,False,True,1
1.8,20,0.862622,False,True,3
-0.06,6,0.863648,False,True,1
1.91,9,0.865159,False,True,3
-0.1,10,0.867552,False,True,1
-0.2,20,0.871177,False,True,1
1.84,16,0.874857,False,True,3
-0.07,7,0.876122,False,True,1
-0.05,5,0.877389,False,True,1
-0.1,10,0.879238,False,True,1
1.87,13,0.881586,False,True,3
-0.09,9,0.883178,False,True,1
-0.2,20,0.886521,False,True,1
-0.02,2,0.886912,False,True,1
-0.12,12,0.888864,False,True,1
-0.01,1,0.889071,False,True,1
1.92,8,0.89038,False,True,3
1.94,6,0.891413,False,True,3
0.96,4,0.892195,False,True,2
-0.13,13,0.894453,False,True,1
0.96,4,0.895169,False,True,2
-0.12,12,0.897187,False,True,1
-0.05,5,0.898069,False,True,1
0.88,12,0.90104,False,True,2
-0.01,1,0.901357,False,True,1
1.82,18,0.904404,False,True,3
-0.02,2,0.904804,False,True,1
-0.03,3,0.905368,False,True,1
0.92,8,0.906756,False,True,2
-0.11,11,0.908802,False,True,1
0.83,17,0.911601,False,True,2
-0.01,1,0.911814,False,True,1
-0.06,6,0.912821,False,True,1
-0.04,4,0.913536,False,True,1
0.92,8,0.915225,False,True,2
-0.09,9,0.916745,False,True,1
-0.27,27,0.921773,False,True,1
-0.11,11,0.923562,False,True,1
-0.09,9,0.925012,False,True,1
0.83,17,0.927721,False,True,2
-0.07,7,0.929412,False,True,1
0.56,44,0.936421,False,True,2
-0.02,2,0.93719,False,True,1
-0.11,11,0.939532,False,True,1
-0.01,1,0.939803,False,True,1
-0.02,2,0.940199,False,True,1
0.77,23,0.944265,False,True,2
-0.04,4,0.944979,False,True,1
-0.27,27,0.95,False,True,1
-0.07,7,0.951202,False,True,1
1.93,7,0.952365,False,True,3
-0.09,9,0.953832,False,True,1
-0.25,25,0.957877,False,True,1
-0.14,14,0.960753,False,True,1
-0.01,1,0.961014,False,True,1
0.92,8,0.962534,False,True,2
1.92,8,0.964022,False,True,3
3.85,15,0.966509,False,True,5
-0.02,2,0.966898,False,True,1
1.68,32,0.973368,False,True,3
-0.06,6,0.974468,False,True,1
-0.04,4,0.975206,False,True,1
-0.13,13,0.977365,False,True,1
0.81,19,0.981155,False,True,2
0.66,34,0.987347,False,True,2
-0.01,1,0.987618,False,True,1
1.85,15,0.99134,False,True,3
0.83,17,0.994186,False,True,2
-0.09,9,0.995743,False,True,1
-0.01,1,0.995951,False,True,1
-0.09,9,0.997438,False,True,1
-0.02,2,0.997816,False,True,1
-0.07,7,0.999603,False,True,1
1.57,43,1.006988,False,True,3
-0.02,2,1.00746,False,True,1
-0.13,13,1.010267,False,True,1
-0.24,24,1.014817,False,True,1
-0.04,4,1.015912,False,True,1
-0.17,17,1.018663,False,True,1
-0.06,6,1.020179,False,True,1
-0.03,3,1.020938,False,True,1
-0.07,7,1.51526,False,True,1
-0.02,2,1.515761,False,True,1
1.83,17,1.518583,False,True,3
0.9,10,1.520287,False,True,2
0.77,23,1.523938,False,True,2
-0.23,23,1.527834,False,True,1
0.72,28,1.532297,False,True,2
-0.01,1,1.532522,False,True,1
1.88,12,1.534948,False,True,3
-0.2,20,1.538472,False,True,1
-0.12,12,1.540917,False,True,1
-0.03,3,1.541576,False,True,1
-0.04,4,1.542343,False,True,1
1.69,31,1.547499,False,True,3
2.87,13,1.549755,False,True,4
-0.07,7,1.55114,False,True,1
-0.06,6,1.552314,False,True,1
-0.18,18,1.555408,False,True,1
1.81,19,1.558764,False,True,3
-0.12,12,1.560998,False,True,1
1.85,15,1.563577,False,True,3
1.93,7,1.564883,False,True,3
-0.03,3,1.565462,False,True,1
-0.03,3,1.566074,False,True,1
0.77,23,1.57007,False,True,2
1.92,8,1.571497,False,True,3
-0.02,2,1.571907,False,True,1
-0.07,7,1.573167,False,True,1
1.87,13,1.575546,False,True,3
-0.1,10,1.577297,False,True,1
-0.04,4,1.577992,False,True,1
-0.02,2,1.578381,False,True,1
3.85,15,1.580912,False,True,5
-0.06,6,1.58194,False,True,1
-0.02,2,1.582331,False,True,1
-0.02,2,1.582808,False,True,1
-0.16,16,1.585648,False,True,1
-0.15,15,1.588238,False,True,1
0.83,17,1.591103,False,True,2
-0.02,2,1.591518,False,True,1
1.93,7,1.59282,False,True,3
-0.08,8,1.59418,False,True,1
-0.01,1,1.5944,False,True,1
1.91,9,1.596164,False,True,3
-0.03,3,1.596768,False,True,1
0.88,12,1.598959,False,True,2
1.89,11,1.601112,False,True,3
-0.04,4,1.601851,False,True,1
-0.03,3,1.60241,False,True,1
-0.19,19,1.605509,False,True,1
-0.04,4,1.606208,False,True,1
-0.02,2,1.606568,False,True,1
-0.03,3,1.6071,False,True,1
-0.06,6,1.608227,False,True,1
-0.31,31,1.613266,False,True,1
-0.06,6,1.614272,False,True,1
1.79,21,1.617776,False,True,3
1.73,27,1.622129,False,True,3
-0.04,4,1.622842,False,True,1
-0.33,33,1.62821,False,True,1
1.93,7,1.629379,False,True,3
-0.02,2,1.629741,False,True,1
-0.04,4,1.630431,False,True,1
-0.07,7,1.631575,False,True,1
-0.01,1,1.631793,False,True,1
-0.01,1,1.631996,False,True,1
0.73,27,1.636385,False,True,2
0.89,11,1.638172,False,True,2
-0.09,9,1.639646,False,True,1
-0.09,9,1.641181,False,True,1
-0.18,18,1.644063,False,True,1
1.67,33,1.649319,False,True,3
-0.06,6,1.650321,False,True,1
-0.11,11,1.652112,False,True,1
-0.1,10,1.653727,False,True,1
1.82,18,1.656562,False,True,3
2.82,18,1.659494,False,True,4
-0.08,8,1.660791,False,True,1
-0.05,5,1.661623,False,True,1
1.87,13,1.663711,False,True,3
-0.21,21,1.667069,False,True,1
-0.06,6,1.668062,False,True,1
-0.14,14,1.670277,False,True,1
-0.03,3,1.670801,False,True,1
1.86,14,1.673039,False,True,3
-0.01,1,1.673241,False,True,1
-0.02,2,1.673601,False,True,1
1.87,13,1.675743,False,True,3
-0.04,4,1.676418,False,True,1
-0.01,1,1.676626,False,True,1
1.86,14,1.678874,False,True,3
-0.05,5,1.679695,False,True,1
4.88,12,1.681626,False,True,6
-0.02,2,1.681992,False,True,1
-0.02,2,1.682351,False,True,1
-0.05,5,1.68325,False,True,1
-0.08,8,1.684594,False,True,1
0.96,4,1.685288,False,True,2
-0.01,1,1.685493,False,True,1
1.68,32,1.690848,False,True,3
-0.07,7,1.69213,False,True,1
0.82,18,1.695045,False,True,2
-0.02,2,1.695414,False,True,1
-0.01,1,1.695618,False,True,1
0.75,25,1.699567,False,True,2
-0.08,8,1.701011,False,True,1
-0.04,4,1.701861,False,True,1
1.9,10,1.703598,False,True,3
1.77,23,1.707387,False,True,3
1.79,21,1.710911,False,True,3
-0.32,32,1.716124,False,True,1
0.87,13,1.718264,False,True,2
1.93,7,1.719427,False,True,3
-0.01,1,1.719633,False,True,1
-0.13,13,1.721735,False,True,1
-0.09,9,1.723199,False,True,1
-0.04,4,1.723881,False,True,1
0.91,9,1.72543,False,True,2
-0.07,7,1.726629,False,True,1
3.92,8,1.727982,False,True,5
-0.05,5,1.728841,False,True,1
2.74,26,1.733159,False,True,4
3.62,38,1.739397,False,True,5
-0.02,2,1.739785,False,True,1
-0.09,9,1.741343,False,True,1
-0.03,3,1.741873,False,True,1
1.93,7,1.743058,False,True,3
3.84,16,1.745724,False,True,5
-0.19,19,1.748829,False,True,1
-0.14,14,1.751268,False,True,1
-0.1,10,1.752916,False,True,1
4.7,30,1.757642,False,True,6
0.88,12,1.759802,False,True,2
-0.15,15,1.762345,False,True,1
0.77,23,1.766,False,True,2
-0.02,2,1.766385,False,True,1
-0.05,5,1.767259,False,True,1
-0.01,1,1.767481,False,True,1
4.84,16,1.770381,False,True,6
4.85,15,1.773005,False,True,6
-0.04,4,1.773867,False,True,1
-0.04,4,1.774829,False,True,1
-0.08,8,1.776235,False,True,1
-0.15,15,1.778703,False,True,1
-0.02,2,1.779096,False,True,1
-0.03,3,1.779912,False,True,1
-0.05,5,1.780873,False,True,1
-0.06,6,1.782079,False,True,1
0.86,14,1.784717,False,True,2
-0.18,18,1.787889,False,True,1
-0.03,3,1.788472,False,True,1
1.9,10,1.79022,False,True,3
1.83,17,1.793037,False,True,3
1.87,13,1.79515,False,True,3
-0.09,9,1.796893,False,True,1
-0.02,2,1.797531,False,True,1
-0.1,10,1.799249,False,True,1
1.86,14,1.801785,False,True,3
-0.02,2,1.802263,False,True,1
3.75,25,1.808477,False,True,5
3.78,22,1.812926,False,True,5
3.78,22,1.817743,False,True,5
-0.13,13,1.819922,False,True,1
-0.21,21,1.823643,False,True,1
0.92,8,1.825356,False,True,2
-0.06,6,1.827709,False,True,1
0.8,20,1.831597,False,True,2
-0.01,1,1.831855,False,True,1
1.75,25,1.83683,False,True,3
-0.02,2,1.837257,False,True,1
0.83,17,1.84008,False,True,2
-0.16,16,1.842769,False,True,1
-0.06,6,1.843811,False,True,1
1.91,9,1.845346,False,True,3
1.82,18,1.848241,False,True,3
-0.02,2,1.848607,False,True,1
-0.03,3,1.849512,False,True,1
-0.18,18,1.854227,False,True,1
-0.02,2,1.854695,False,True,1
1.92,8,1.856282,False,True,3
-0.03,3,1.856929,False,True,1
-0.05,5,1.859589,False,True,1
-0.11,11,1.862047,False,True,1
3.78,22,1.865673,False,True,5
0.94,6,1.868044,False,True,2
0.96,4,1.868861,False,True,2
-0.01,1,1.869103,False,True,1
1.92,8,1.870914,False,True,3
-0.05,5,1.872201,False,True,1
-0.12,12,1.875092,False,True,1
0.9,10,1.877866,False,True,2
-0.02,2,1.878323,False,True,1
-0.07,7,1.879515,False,True,1
-0.08,8,1.880892,False,True,1
0.78,22,2.400232,False,True,2
-0.07,7,2.401482,False,True,1
0.9,10,2.403124,False,True,2
-0.13,13,2.405215,False,True,1
-0.07,7,2.406493,False,True,1
-0.03,3,2.407085,False,True,1
-0.21,21,2.41048,False,True,1
1.87,13,2.412579,False,True,3
1.95,5,2.413458,False,True,3
3.89,11,2.41524,False,True,5
-0.1,10,2.417216,False,True,1
2.88,12,2.419346,False,True,4
5.81,19,2.422533,False,True,7
-0.01,1,2.42275,False,True,1
1.81,19,2.42601,False,True,3
1.95,5,2.4269,False,True,3
0.94,6,2.427927,False,True,2
-0.04,4,2.428621,False,True,1
-0.32,32,2.433878,False,True,1
-0.01,1,2.434093,False,True,1
1.81,19,2.437245,False,True,3
1.92,8,2.438663,False,True,3
0.92,8,2.440032,False,True,2
-0.03,3,2.440573,False,True,1
0.6,40,2.447265,False,True,2
1.82,18,2.45032,False,True,3
-0.04,4,2.451022,False,True,1
-0.1,10,2.452669,False,True,1
1.91,9,2.454156,False,True,3
-0.04,4,2.454842,False,True,1
-0.08,8,2.456176,False,True,1
0.89,11,2.458051,False,True,2
1.85,15,2.460447,False,True,3
1.8,20,2.463651,False,True,3
-0.18,18,2.466604,False,True,1
0.87,13,2.468704,False,True,2
1.93,7,2.469865,False,True,3
-0.02,2,2.470227,False,True,1
-0.03,3,2.470739,False,True,1
-0.07,7,2.471921,False,True,1
-0.11,11,2.47371,False,True,1
-0.16,16,2.476465,False,True,1
-0.06,6,2.477518,False,True,1
-0.01,1,2.477731,False,True,1
-0.02,2,2.478103,False,True,1
1.91,9,2.479611,False,True,3
-0.05,5,2.480466,False,True,1
-0.02,2,2.480849,False,True,1
-0.02,2,2.481232,False,True,1
-0.05,5,2.482329,False,True,1
1.95,5,2.483205,False,True,3
-0.09,9,2.484705,False,True,1
-0.06,6,2.485731,False,True,1
-0.08,8,2.487056,False,True,1
1.88,12,2.489,False,True,3
1.87,13,2.491082,False,True,3
-0.14,14,2.493669,False,True,1
-0.05,5,2.494615,False,True,1
-0.04,4,2.495393,False,True,1
-0.1,10,2.497029,False,True,1
-0.02,2,2.497396,False,True,1
1.9,10,2.499007,False,True,3
1.96,4,2.499693,False,True,3
1.95,5,2.500527,False,True,3
3.91,9,2.502163,False,True,5
2.88,12,2.504943,False,True,4
-0.06,6,2.506203,False,True,1
-0.19,19,2.509256,False,True,1
-0.18,18,2.512217,False,True,1
-0.03,3,2.512789,False,True,1
-0.04,4,2.513482,False,True,1
-0.1,10,2.515098,False,True,1
-0.01,1,2.515324,False,True,1
1.97,3,2.515856,False,True,3
1.83,17,2.518634,False,True,3
-0.1,10,2.52023,False,True,1
-0.01,1,2.520439,False,True,1
-0.1,10,2.522032,False,True,1
0.92,8,2.523808,False,True,2
-0.07,7,2.525217,False,True,1
-0.04,4,2.525952,False,True,1
-0.04,4,2.526727,False,True,1
0.91,9,2.528281,False,True,2
0.88,12,2.530347,False,True,2
-0.02,2,2.530758,False,True,1
0.91,9,2.532323,False,True,2
1.93,7,2.533627,False,True,3
-0.06,6,2.534735,False,True,1
1.89,11,2.536574,False,True,3
-0.01,1,2.536785,False,True,1
1.95,5,2.537668,False,True,3
1.88,12,2.539674,False,True,3
1.92,8,2.541007,False,True,3
0.91,9,2.542634,False,True,2
-0.03,3,2.543264,False,True,1
1.78,22,2.547034,False,True,3
0.9,10,2.548784,False,True,2
-0.09,9,2.550371,False,True,1
0.95,5,2.55156,False,True,2
-0.02,2,2.551962,False,True,1
3.85,15,2.577119,False,True,5
5.86,14,2.579561,False,True,7
-0.03,3,2.580115,False,True,1
-0.01,1,2.580324,False,True,1
-0.03,3,2.58085,False,True,1
1.95,5,2.581717,False,True,3
3.85,15,2.584617,False,True,5
1.85,15,2.587756,False,True,3
1.82,18,2.591387,False,True,3
-0.19,19,2.595384,False,True,1
1.91,9,2.59701,False,True,3
-0.02,2,2.597405,False,True,1
1.86,14,2.599726,False,True,3
-0.08,8,2.601079,False,True,1
1.85,15,2.604014,False,True,3
-0.04,4,2.604939,False,True,1
3.89,11,2.6069,False,True,5
-0.01,1,2.60715,False,True,1
-0.1,10,2.609223,False,True,1
3.76,24,2.613099,False,True,5
0.77,23,2.617352,False,True,2
0.84,16,2.619919,False,True,2
3.9,10,2.621549,False,True,5
0.93,7,2.622697,False,True,2
-0.03,3,2.623227,False,True,1
3.83,17,2.626314,False,True,5
-0.02,2,2.626677,False,True,1
-0.04,4,2.627359,False,True,1
0.84,16,2.629929,False,True,2
-0.03,3,2.630457,False,True,1
-0.06,6,2.631444,False,True,1
3.93,7,2.632639,False,True,5
3.94,6,2.633967,False,True,5
3.87,13,2.636568,False,True,5
1.8,20,2.639933,False,True,3
1.95,5,2.640893,False,True,3
-0.02,2,2.641405,False,True,1
3.62,38,2.647921,False,True,5
1.9,10,2.649589,False,True,3
1.75,25,2.653526,False,True,3
1.88,12,2.65588,False,True,3
1.87,13,2.658188,False,True,3
-0.05,5,2.659125,False,True,1
1.94,6,2.660201,False,True,3
-0.08,8,2.661611,False,True,1
-0.04,4,2.662376,False,True,1
1.96,4,2.663098,False,True,3
1.84,16,2.666005,False,True,3
-0.02,2,2.666476,False,True,1
1.92,8,2.667971,False,True,3
-0.1,10,2.669728,False,True,1
-0.1,10,2.671421,False,True,1
1.89,11,2.673235,False,True,3
-0.05,5,2.674128,False,True,1
1.87,13,2.676319,False,True,3
-0.04,4,2.677006,False,True,1
-0.07,7,2.678147,False,True,1
3.85,15,2.680547,False,True,5
1.93,7,2.681688,False,True,3
-0.06,6,2.682691,False,True,1
-0.12,12,2.685868,False,True,1
2.91,9,2.6876,False,True,4
1.89,11,2.689522,False,True,3
-0.08,8,2.690873,False,True,1
-0.06,6,2.691857,False,True,1
-0.08,8,2.693155,False,True,1
0.87,13,2.695712,False,True,2
1.89,11,2.697635,False,True,3
0.83,17,2.700508,False,True,2
-0.02,2,2.700887,False,True,1
1.81,19,2.703916,False,True,3
1.93,7,2.705427,False,True,3
-0.12,12,2.70767,False,True,1
1.95,5,2.708527,False,True,3
4.75,25,2.712481,False,True,6
-0.05,5,2.71331,False,True,1
-0.02,2,2.713672,False,True,1
1.95,5,2.714657,False,True,3
0.92,8,2.716263,False,True,2
-0.03,3,2.716829,False,True,1
1.94,6,2.71788,False,True,3
1.9,10,2.719566,False,True,3
-0.02,2,2.719945,False,True,1
0.9,10,2.721626,False,True,2
0.89,11,2.723471,False,True,2
-0.01,1,2.723689,False,True,1
-0.02,2,2.724079,False,True,1
-0.1,10,2.725803,False,True,1
3.88,12,2.727782,False,True,5
-0.02,2,2.728148,False,True,1
-0.15,15,2.730518,False,True,1
-0.07,7,2.731661,False,True,1
1.91,9,2.73316,False,True,3
-0.18,18,2.735993,False,True,1
-0.04,4,2.736658,False,True,1
-0.03,3,2.737195,False,True,1
-0.04,4,2.737877,False,True,1
1.9,10,2.739482,False,True,3
3.8,20,2.742803,False,True,5
-0.01,1,2.74303,False,True,1
-0.13,13,2.745179,False,True,1
3.82,18,2.748102,False,True,5
1.91,9,2.74966,False,True,3
3.89,11,2.751506,False,True,5
-0.01,1,2.751715,False,True,1
-0.03,3,2.752241,False,True,1
1.96,4,2.752936,False,True,3
-0.09,9,2.754435,False,True,1
-0.07,7,2.755614,False,True,1
1.89,11,2.757459,False,True,3
-0.01,1,2.757694,False,True,1
-0.11,11,2.759481,False,True,1
-0.05,5,2.760313,False,True,1
-0.04,4,2.760987,False,True,1
1.92,8,2.762283,False,True,3
1.64,36,2.768172,False,True,3
-0.03,3,2.768742,False,True,1
-0.02,2,2.76912,False,True,1
0.96,4,2.769815,False,True,2
-0.03,3,2.770353,False,True,1
-0.06,6,2.771368,False,True,1
0.69,31,3.23476,False,True,2
-0.08,8,3.236246,False,True,1
1.79,21,3.239743,False,True,3
-0.02,2,3.240129,False,True,1
1.87,13,3.242459,False,True,3
1.93,7,3.243694,False,True,3
-0.05,5,3.24456,False,True,1
2.93,7,3.245746,False,True,4
-0.12,12,3.247724,False,True,1
-0.01,1,3.247935,False,True,1
-0.06,6,3.248958,False,True,1
0.85,15,3.251401,False,True,2
-0.01,1,3.251617,False,True,1
-0.03,3,3.25214,False,True,1
-0.03,3,3.252677,False,True,1
-0.01,1,3.252885,False,True,1
1.93,7,3.254075,False,True,3
1.85,15,3.256556,False,True,3
1.86,14,3.258856,False,True,3
1.83,17,3.261606,False,True,3
1.77,23,3.265323,False,True,3
-0.01,1,3.265536,False,True,1
1.93,7,3.266696,False,True,3
-0.02,2,3.26708,False,True,1
-0.05,5,3.26792,False,True,1
0.94,6,3.268939,False,True,2
1.85,15,3.271369,False,True,3
-0.07,7,3.272543,False,True,1
-0.11,11,3.274346,False,True,1
1.89,11,3.276167,False,True,3
1.97,3,3.27671,False,True,3
-0.07,7,3.277877,False,True,1
1.87,13,3.279998,False,True,3
1.95,5,3.28085,False,True,3
2.91,9,3.282355,False,True,4
1.95,5,3.283201,False,True,3
1.87,13,3.285312,False,True,3
1.94,6,3.286326,False,True,3
1.95,5,3.28718,False,True,3
1.81,19,3.290294,False,True,3
-0.13,13,3.292758,False,True,1
3.87,13,3.295059,False,True,5
3.88,12,3.297078,False,True,5
-0.03,3,3.297629,False,True,1
1.76,24,3.301923,False,True,3
1.88,12,3.303926,False,True,3
-0.05,5,3.304765,False,True,1
1.96,4,3.305451,False,True,3
-0.01,1,3.305667,False,True,1
-0.05,5,3.306498,False,True,1
1.94,6,3.307502,False,True,3
-0.02,2,3.307863,False,True,1
1.89,11,3.309641,False,True,3
-0.05,5,3.310473,False,True,1
1.83,17,3.313724,False,True,3
3.93,7,3.315021,False,True,5
1.89,11,3.316968,False,True,3
-0.03,3,3.317523,False,True,1
-0.02,2,3.317892,False,True,1
3.93,7,3.319057,False,True,5
5.81,19,3.322317,False,True,7
-0.03,3,3.322918,False,True,1
-0.03,3,3.323521,False,True,1
-0.03,3,3.324079,False,True,1
-0.05,5,3.325009,False,True,1
-0.03,3,3.325563,False,True,1
-0.08,8,3.326941,False,True,1
0.92,8,3.328305,False,True,2
3.88,12,3.330335,False,True,5
-0.03,3,3.330886,False,True,1
-0.2,20,3.334221,False,True,1
0.86,14,3.336467,False,True,2
1.96,4,3.337155,False,True,3
-0.05,5,3.337989,False,True,1
1.84,16,3.340524,False,True,3
-0.12,12,3.342623,False,True,1
2.81,19,3.345897,False,True,4
3.84,16,3.348619,False,True,5
-0.04,4,3.349404,False,True,1
1.89,11,3.351274,False,True,3
1.92,8,3.352665,False,True,3
1.86,14,3.355023,False,True,3
-0.05,5,3.355898,False,True,1
-0.09,9,3.357538,False,True,1
-0.04,4,3.358276,False,True,1
1.84,16,3.360958,False,True,3
1.85,15,3.363517,False,True,3
-0.03,3,3.364041,False,True,1
1.93,7,3.365183,False,True,3
1.87,13,3.367662,False,True,3
1.95,5,3.368628,False,True,3
-0.15,15,3.371136,False,True,1
3.91,9,3.372651,False,True,5
-0.03,3,3.373184,False,True,1
0.95,5,3.374108,False,True,2
-0.03,3,3.374803,False,True,1
-0.07,7,3.37598,False,True,1
0.88,12,3.378078,False,True,2
0.91,9,3.379608,False,True,2
1.91,9,3.3811,False,True,3
1.94,6,3.382129,False,True,3
-0.01,1,3.382339,False,True,1
1.89,11,3.384266,False,True,3
-0.03,3,3.384802,False,True,1
-0.21,21,3.388225,False,True,1
-0.04,4,3.38892,False,True,1
-0.07,7,3.39265,False,True,1
1.87,13,3.395093,False,True,3
2.81,19,3.439636,False,True,4
-0.03,3,3.441073,False,True,1
1.9,10,3.442988,False,True,3
3.94,6,3.444062,False,True,5
3.89,11,3.445946,False,True,5
1.75,25,3.452759,False,True,3
-0.1,10,3.454751,False,True,1
3.93,7,3.456117,False,True,5
-0.03,3,3.456714,False,True,1
1.91,9,3.458518,False,True,3
2.88,12,3.460967,False,True,4
1.91,9,3.462969,False,True,3
1.85,15,3.465417,False,True,3
1.79,21,3.46883,False,True,3
1.97,3,3.469363,False,True,3
1.95,5,3.470202,False,True,3
-0.01,1,3.470404,False,True,1
5.89,11,3.472692,False,True,7
-0.07,7,3.474045,False,True,1
-0.05,5,3.475088,False,True,1
-0.14,14,3.477445,False,True,1
1.92,8,3.478816,False,True,3
1.84,16,3.481468,False,True,3
2.79,21,3.485074,False,True,4
3.87,13,3.48718,False,True,5
-0.06,6,3.488182,False,True,1
-0.01,1,3.488401,False,True,1
-0.01,1,3.488611,False,True,1
0.92,8,3.489912,False,True,2
0.92,8,3.491283,False,True,2
-0.01,1,3.491508,False,True,1
0.93,7,3.4927,False,True,2
3.85,15,3.495168,False,True,5
-0.21,21,3.498553,False,True,1
1.83,17,3.501401,False,True,3
-0.08,8,3.502809,False,True,1
1.85,15,3.505533,False,True,3
-0.01,1,3.505785,False,True,1
-0.01,1,3.506011,False,True,1
2.92,8,3.507619,False,True,4
1.89,11,3.509467,False,True,3
1.9,10,3.51109,False,True,3
-0.09,9,3.512545,False,True,1
-0.03,3,3.51307,False,True,1
1.88,12,3.515012,False,True,3
1.92,8,3.516401,False,True,3
1.85,15,3.518793,False,True,3
1.97,3,3.519311,False,True,3
-0.02,2,3.519676,False,True,1
1.88,12,3.521583,False,True,3
-0.03,3,3.522098,False,True,1
3.88,12,3.524009,False,True,5
-0.07,7,3.52527,False,True,1
-0.08,8,3.526628,False,True,1
3.88,12,3.528631,False,True,5
3.87,13,3.530785,False,True,5
1.84,16,3.533608,False,True,3
-0.08,8,3.534945,False,True,1
3.82,18,3.537833,False,True,5
1.94,6,3.53883,False,True,3
1.94,6,3.539826,False,True,3
2.69,31,3.544946,False,True,4
1.97,3,3.545502,False,True,3
-0.07,7,3.546694,False,True,1
1.96,4,3.547406,False,True,3
0.89,11,3.549295,False,True,2
1.85,15,3.551775,False,True,3
-0.1,10,3.553445,False,True,1
-0.09,9,3.554939,False,True,1
-0.04,4,3.555632,False,True,1
3.93,7,3.556822,False,True,5
-0.19,19,3.55996,False,True,1
1.91,9,3.56146,False,True,3
0.82,18,3.56439,False,True,2
3.84,16,3.567082,False,True,5
1.94,6,3.568101,False,True,3
1.95,5,3.568955,False,True,3
1.86,14,3.571326,False,True,3
1.75,25,3.575659,False,True,3
-0.04,4,3.576404,False,True,1
0.86,14,3.578668,False,True,2
-0.02,2,3.579036,False,True,1
-0.12,12,3.580944,False,True,1
-0.05,5,3.58183,False,True,1
-0.02,2,3.582241,False,True,1
-0.07,7,3.583501,False,True,1
3.73,27,3.587921,False,True,5
1.95,5,3.58878,False,True,3
3.8,20,3.592543,False,True,5
3.88,12,3.594801,False,True,5
1.9,10,3.596455,False,True,3
0.94,6,3.597464,False,True,2
1.95,5,3.598302,False,True,3
-0.05,5,3.599154,False,True,1
-0.09,9,3.600653,False,True,1
3.81,19,3.603677,False,True,5
-0.02,2,3.604066,False,True,1
-0.06,6,3.605075,False,True,1
-0.05,5,3.605919,False,True,1
5.76,24,3.609999,False,True,7
-0.19,19,3.613146,False,True,1
-0.03,3,3.613682,False,True,1
-0.06,6,3.614666,False,True,1
-0.08,8,3.616008,False,True,1
-0.13,13,3.618089,False,True,1
-0.1,10,3.619709,False,True,1
-0.09,9,3.621164,False,True,1
1.94,6,3.62215,False,True,3
-0.06,6,3.623135,False,True,1
1.91,9,3.624661,False,True,3
1.89,11,3.626436,False,True,3
-0.06,6,3.627425,False,True,1
1.96,4,3.628109,False,True,3
3.94,6,3.629099,False,True,5
1.93,7,3.630239,False,True,3
1.94,6,3.631219,False,True,3
1.92,8,4.08578,False,True,3
-0.04,4,4.08661,False,True,1
1.9,10,4.088324,False,True,3
3.86,14,4.090633,False,True,5
1.89,11,4.092469,False,True,3
3.85,15,4.094933,False,True,5
1.92,8,4.096269,False,True,3
-0.05,5,4.097123,False,True,1
-0.02,2,4.097489,False,True,1
-0.05,5,4.098336,False,True,1
1.89,11,4.100143,False,True,3
5.9,10,4.101804,False,True,7
-0.05,5,4.102656,False,True,1
1.94,6,4.103662,False,True,3
-0.09,9,4.105135,False,True,1
1.91,9,4.106614,False,True,3
1.93,7,4.107791,False,True,3
-0.03,3,4.108318,False,True,1
1.9,10,4.109964,False,True,3
3.87,13,4.11208,False,True,5
-0.06,6,4.113082,False,True,1
3.89,11,4.11487,False,True,5
-0.04,4,4.115561,False,True,1
1.96,4,4.116253,False,True,3
1.93,7,4.117412,False,True,3
-0.01,1,4.117617,False,True,1
-0.03,3,4.118141,False,True,1
-0.05,5,4.119001,False,True,1
1.92,8,4.120344,False,True,3
1.89,11,4.122208,False,True,3
1.9,10,4.12397,False,True,3
1.87,13,4.126184,False,True,3
0.95,5,4.127155,False,True,2
1.96,4,4.127964,False,True,3
-0.03,3,4.128555,False,True,1
1.96,4,4.1293,False,True,3
-0.02,2,4.129696,False,True,1
-0.02,2,4.130086,False,True,1
1.92,8,4.131727,False,True,3
3.75,25,4.135827,False,True,5
1.93,7,4.137098,False,True,3
1.84,16,4.139975,False,True,3
-0.02,2,4.140383,False,True,1
4.82,18,4.143464,False,True,6
2.86,14,4.145895,False,True,4
-0.12,12,4.147837,False,True,1
1.88,12,4.149741,False,True,3
1.9,10,4.151346,False,True,3
-0.02,2,4.151713,False,True,1
0.92,8,4.153,False,True,2
-0.02,2,4.153374,False,True,1
3.9,10,4.155104,False,True,5
1.86,14,4.157476,False,True,3
1.96,4,4.158196,False,True,3
3.87,13,4.1604,False,True,5
1.96,4,4.161128,False,True,3
-0.04,4,4.161851,False,True,1
-0.04,4,4.16257,False,True,1
1.92,8,4.16394,False,True,3
-0.06,6,4.164927,False,True,1
1.88,12,4.166957,False,True,3
-0.03,3,4.167644,False,True,1
-0.03,3,4.168285,False,True,1
1.93,7,4.169474,False,True,3
1.92,8,4.170801,False,True,3
-0.06,6,4.171807,False,True,1
-0.09,9,4.173261,False,True,1
1.91,9,4.174757,False,True,3
1.97,3,4.175286,False,True,3
-0.04,4,4.175967,False,True,1
3.8,20,4.179643,False,True,5
1.86,14,4.182193,False,True,3
1.94,6,4.183297,False,True,3
1.92,8,4.184727,False,True,3
1.93,7,4.18595,False,True,3
-0.02,2,4.186356,False,True,1
1.96,4,4.187092,False,True,3
-0.02,2,4.187482,False,True,1
0.93,7,4.188744,False,True,2
-0.03,3,4.18931,False,True,1
5.85,15,4.191937,False,True,7
-0.12,12,4.194033,False,True,1
3.83,17,4.197098,False,True,5
3.86,14,4.199389,False,True,5
-0.04,4,4.200071,False,True,1
-0.06,6,4.201061,False,True,1
1.97,3,4.201584,False,True,3
1.96,4,4.202256,False,True,3
-0.12,12,4.204169,False,True,1
-0.02,2,4.204528,False,True,1
-0.06,6,4.205504,False,True,1
3.84,16,4.208445,False,True,5
-0.03,3,4.209071,False,True,1
-0.12,12,4.211204,False,True,1
-0.04,4,4.211959,False,True,1
1.97,3,4.212536,False,True,3
1.96,4,4.213267,False,True,3
1.91,9,4.214851,False,True,3
-0.02,2,4.215254,False,True,1
1.86,14,4.217673,False,True,3
3.87,13,4.219886,False,True,5
1.96,4,4.22062,False,True,3
3.89,11,4.222588,False,True,5
1.92,8,4.224024,False,True,3
5.78,22,4.227872,False,True,7
1.92,8,4.229186,False,True,3
1.87,13,4.23143,False,True,3
1.96,4,4.232187,False,True,3
3.85,15,4.234671,False,True,5
1.94,6,4.23569,False,True,3
-0.02,2,4.236063,False,True,1
1.92,8,4.23743,False,True,3
-0.07,7,4.238647,False,True,1
1.92,8,4.240043,False,True,3
3.92,8,4.241438,False,True,5
-0.09,9,4.243069,False,True,1
-0.01,1,4.243319,False,True,1
1.97,3,4.243873,False,True,3
-0.01,1,4.244098,False,True,1
1.89,11,4.245916,False,True,3
1.9,10,4.247647,False,True,3
-0.06,6,4.248851,False,True,1
1.93,7,4.25006,False,True,3
1.76,24,4.254193,False,True,3
1.88,12,4.256496,False,True,3
-0.01,1,4.256747,False,True,1
1.94,6,4.257811,False,True,3
-0.05,5,4.258697,False,True,1
1.95,5,4.259584,False,True,3
-0.02,2,4.259965,False,True,1
3.89,11,4.261903,False,True,5
-0.01,1,4.262134,False,True,1
3.88,12,4.264243,False,True,5
-0.09,9,4.265715,False,True,1
-0.07,7,4.266867,False,True,1
-0.06,6,4.267857,False,True,1
-0.02,2,4.268222,False,True,1
1.96,4,4.268894,False,True,3
-0.09,9,4.270341,False,True,1
1.97,3,4.270859,False,True,3
-0.02,2,4.271216,False,True,1
1.89,11,4.273069,False,True,3
3.87,13,4.275463,False,True,5
-0.02,2,4.275872,False,True,1
1.94,6,4.276957,False,True,3
1.97,3,4.277525,False,True,3
3.87,13,4.279787,False,True,5
0.96,4,4.28053,False,True,2
-0.01,1,4.280753,False,True,1
-0.01,1,4.280973,False,True,1
-0.07,7,4.282212,False,True,1
5.92,8,4.283926,False,True,7
0.96,4,4.284712,False,True,2
-0.07,7,4.285963,False,True,1
5.85,15,4.288527,False,True,7
1.94,6,4.28957,False,True,3
3.89,11,4.291512,False,True,5
0.9,10,4.2933,False,True,2
1.96,4,4.294119,False,True,3
1.96,4,4.2951,False,True,3
3.91,9,4.296707,False,True,5
-0.12,12,4.298696,False,True,1
3.92,8,4.300022,False,True,5
-0.02,2,4.300394,False,True,1
1.9,10,4.302047,False,True,3
2.86,14,4.304573,False,True,4
2.83,17,4.307506,False,True,4
-0.04,4,4.3083,False,True,1
1.96,4,4.30903,False,True,3
1.92,8,4.310377,False,True,3
3.92,8,4.311686,False,True,5
-0.02,2,4.312047,False,True,1
1.92,8,4.31339,False,True,3
1.89,11,4.315153,False,True,3
3.89,11,4.316916,False,True,5
1.95,5,4.317746,False,True,3
-0.04,4,4.31843,False,True,1
3.9,10,4.320054,False,True,5
1.95,5,4.320895,False,True,3
1.93,7,4.32204,False,True,3
-0.06,6,4.323058,False,True,1
-0.12,12,4.324969,False,True,1
-0.01,1,4.325173,False,True,1
3.85,15,4.32754,False,True,5
1.95,5,4.328368,False,True,3
3.86,14,4.33057,False,True,5
1.9,10,4.332166,False,True,3
1.9,10,4.333766,False,True,3
3.87,13,4.33584,False,True,5
-0.01,1,4.336062,False,True,1
3.9,10,4.337836,False,True,5
-0.09,9,4.339419,False,True,1
2.95,5,4.340275,False,True,4
-0.07,7,4.341438,False,True,1
1.87,13,4.343548,False,True,3
1.94,6,4.344555,False,True,3
-0.2,20,4.347784,False,True,1
2.94,6,4.348798,False,True,4
-0.04,4,4.349487,False,True,1
1.85,15,4.351922,False,True,3
3.83,17,4.354698,False,True,5
-0.01,1,4.354905,False,True,1
-0.02,2,4.355267,False,True,1
1.76,24,4.359145,False,True,3
1.94,6,4.360167,False,True,3
1.91,9,4.361647,False,True,3
3.93,7,4.362817,False,True,5
-0.05,5,4.363671,False,True,1
-0.02,2,4.364035,False,True,1
1.88,12,4.365971,False,True,3
1.93,7,4.367132,False,True,3
-0.01,1,4.367344,False,True,1
-0.04,4,4.368033,False,True,1
-0.08,8,4.36935,False,True,1
-0.09,9,4.370829,False,True,1
1.95,5,4.371668,False,True,3
1.95,5,4.372519,False,True,3
1.94,6,4.373519,False,True,3
0.9,10,4.375151,False,True,2
-0.06,6,4.376157,False,True,1
1.81,19,4.37923,False,True,3
-0.12,12,4.381248,False,True,1
-0.12,12,4.383425,False,True,1
-0.03,3,4.383979,False,True,1
1.83,17,4.386722,False,True,3
3.84,16,4.389345,False,True,5
-0.03,3,4.390118,False,True,1
-0.11,11,4.392101,False,True,1
1.97,3,4.392668,False,True,3
1.92,8,4.394015,False,True,3
-0.02,2,4.394392,False,True,1
0.91,9,4.395899,False,True,2
-0.07,7,4.400909,False,True,1
1.82,18,4.403975,False,True,3
-0.05,5,4.40483,False,True,1
3.89,11,4.406651,False,True,5
-0.03,3,4.407195,False,True,1
-0.05,5,4.40821,False,True,1
-0.04,4,4.408939,False,True,1
1.95,5,4.409808,False,True,3
3.87,13,4.411997,False,True,5
3.92,8,4.413359,False,True,5
-0.01,1,4.413569,False,True,1
-0.02,2,4.413945,False,True,1
0.95,5,4.4148,False,True,2
-0.06,6,4.415843,False,True,1
5.83,17,4.418668,False,True,7
-0.02,2,4.419041,False,True,1
1.96,4,4.41974,False,True,3
1.93,7,4.420919,False,True,3
1.96,4,4.421608,False,True,3
1.95,5,4.422459,False,True,3
0.93,7,4.423634,False,True,2
1.81,19,4.426755,False,True,3
1.96,4,4.427448,False,True,3
-0.11,11,4.429261,False,True,1
-0.03,3,4.429791,False,True,1
-0.02,2,4.430152,False,True,1
-0.08,8,4.431477,False,True,1
0.95,5,4.43233,False,True,2
-0.09,9,4.433812,False,True,1
3.86,14,4.436112,False,True,5
1.92,8,4.437445,False,True,3
1.91,9,4.438907,False,True,3
-0.05,5,4.43976,False,True,1
1.93,7,4.440917,False,True,3
