#{"t_start": 1787190279.5229728, "env_id": "None"}
r,l,t,success,collision,max_y
1.92,8,0.599221,False,True,3
-0.1,10,0.600956,False,True,1
-0.01,1,0.601185,False,True,1
-0.01,1,0.6014,False,True,1
-0.06,6,0.602406,False,True,1
-0.03,3,0.602953,False,True,1
-0.01,1,0.603161,False,True,1
-0.05,5,0.604013,False,True,1
-0.01,1,0.604202,False,True,1
-0.07,7,0.605618,False,True,1
-0.01,1,0.60585,False,True,1
-0.03,3,0.606402,False,True,1
-0.04,4,0.607092,False,True,1
-0.08,8,0.608419,False,True,1
-0.02,2,0.608764,False,True,1
-0.21,21,0.612147,False,True,1
-0.03,3,0.613157,False,True,1
-0.08,8,0.61455,False,True,1
-0.07,7,0.615725,False,True,1
-0.08,8,0.617112,False,True,1
-0.07,7,0.618273,False,True,1
-0.05,5,0.619092,False,True,1
-0.13,13,0.621157,False,True,1
-0.01,1,0.621346,False,True,1
-0.05,5,0.622155,False,True,1
-0.02,2,0.622786,False,True,1
-0.08,8,0.624272,False,True,1
-0.02,2,0.624642,False,True,1
-0.05,5,0.625508,False,True,1
-0.02,2,0.625867,False,True,1
9.92,8,0.62728,True,False,5
-0.03,3,0.627806,False,True,1
-0.01,1,0.627998,False,True,1
-0.03,3,0.628524,False,True,1
1.83,17,0.631307,False,True,3
-0.05,5,0.632142,False,True,1
-0.01,1,0.632342,False,True,1
-0.05,5,0.633159,False,True,1
-0.18,18,0.636388,False,True,1
-0.05,5,0.637269,False,True,1
-0.01,1,0.637464,False,True,1
-0.02,2,0.637819,False,True,1
-0.12,12,0.639726,False,True,1
-0.04,4,0.640384,False,True,1
-0.08,8,0.641673,False,True,1
-0.02,2,0.642019,False,True,1
-0.04,4,0.64267,False,True,1
-0.02,2,0.643027,False,True,1
-0.04,4,0.643679,False,True,1
-0.18,18,0.646747,False,True,1
-0.08,8,0.648244,False,True,1
1.94,6,0.649317,False,True,3
-0.01,1,0.649535,False,True,1
0.79,21,0.652928,False,True,2
-0.1,10,0.654517,False,True,1
-0.14,14,0.656699,False,True,1
0.9,10,0.658488,False,True,2
-0.03,3,0.659024,False,True,1
-0.01,1,0.659213,False,True,1
-0.02,2,0.659559,False,True,1
1.79,21,0.662845,False,True,3
-0.03,3,0.663361,False,True,1
-0.07,7,0.664472,False,True,1
-0.02,2,0.664832,False,True,1
-0.02,2,0.665201,False,True,1
-0.03,3,0.665712,False,True,1
-0.02,2,0.66605,False,True,1
-0.05,5,0.666858,False,True,1
-0.02,2,0.667198,False,True,1
-0.11,11,0.6689,False,True,1
-0.02,2,0.669238,False,True,1
-0.03,3,0.669727,False,True,1
-0.27,27,0.673896,False,True,1
-0.22,22,0.677256,False,True,1
-0.03,3,0.677752,False,True,1
-0.01,1,0.677937,False,True,1
-0.13,13,0.679931,False,True,1
-0.29,29,0.68439,False,True,1
-0.06,6,0.685337,False,True,1
-0.06,6,0.686295,False,True,1
-0.01,1,0.686478,False,True,1
1.89,11,0.688176,False,True,3
-0.09,9,0.689634,False,True,1
-0.04,4,0.690269,False,True,1
-0.11,11,0.691948,False,True,1
-0.03,3,0.692432,False,True,1
-0.1,10,0.693965,False,True,1
-0.16,16,0.69639,False,True,1
-0.07,7,0.697552,False,True,1
-0.07,7,0.698641,False,True,1
-0.07,7,0.699725,False,True,1
-0.03,3,0.70021,False,True,1
-0.02,2,0.700543,False,True,1
-0.08,8,0.701787,False,True,1
-0.01,1,0.701971,False,True,1
-0.07,7,0.703056,False,True,1
-0.05,5,0.703839,False,True,1
-0.04,4,0.70448,False,True,1
-0.11,11,0.706167,False,True,1
-0.04,4,0.706808,False,True,1
-0.02,2,0.707152,False,True,1
-0.07,7,0.708252,False,True,1
-0.01,1,0.708436,False,True,1
-0.03,3,0.708921,False,True,1
-0.06,6,0.709861,False,True,1
-0.04,4,0.710504,False,True,1
-0.01,1,0.710685,False,True,1
-0.02,2,0.711018,False,True,1
-0.01,1,0.711198,False,True,1
-0.27,27,0.715278,False,True,1
-0.08,8,0.716528,False,True,1
-0.06,6,0.717473,False,True,1
-0.02,2,0.717813,False,True,1
-0.06,6,0.718748,False,True,1
-0.02,2,0.719085,False,True,1
-0.09,9,0.72048,False,True,1
-0.08,8,0.721726,False,True,1
-0.09,9,0.72312,False,True,1
-0.14,14,0.725252,False,True,1
-0.04,4,0.725888,False,True,1
-0.17,17,0.728481,False,True,1
0.92,8,0.729728,False,True,2
-0.01,1,0.729909,False,True,1
-0.09,9,0.731317,False,True,1
-0.05,5,0.7321,False,True,1
-0.01,1,0.732283,False,True,1
-0.08,8,0.733516,False,True,1
-0.02,2,0.733856,False,True,1
-0.17,17,0.736437,False,True,1
-0.06,6,0.737383,False,True,1
-0.21,21,0.740597,False,True,1
-0.28,28,0.744853,False,True,1
-0.04,4,0.745497,False,True,1
-0.09,9,0.746883,False,True,1
-0.03,3,0.74737,False,True,1
0.85,15,0.749649,False,True,2
-0.02,2,0.749981,False,True,1
-0.1,10,0.751515,False,True,1
-0.03,3,0.752003,False,True,1
-0.18,18,0.754739,False,True,1
-0.1,10,0.756276,False,True,1
-0.04,4,0.756916,False,True,1
-0.01,1,0.757097,False,True,1
-0.08,8,0.758329,False,True,1
-0.01,1,0.758505,False,True,1
-0.02,2,0.758839,False,True,1
-0.03,3,0.759329,False,True,1
-0.11,11,0.761017,False,True,1
-0.09,9,0.762416,False,True,1
-0.15,15,0.764706,False,True,1
-0.09,9,0.766119,False,True,1
-0.07,7,0.767214,False,True,1
-0.17,17,0.769804,False,True,1
-0.08,8,0.771049,False,True,1
-0.01,1,0.771228,False,True,1
-0.01,1,0.771404,False,True,1
-0.01,1,0.771583,False,True,1
-0.05,5,0.772365,False,True,1
-0.03,3,0.772849,False,True,1
-0.01,1,0.773028,False,True,1
-0.21,21,0.776217,False,True,1
-0.07,7,0.777318,False,True,1
-0.06,6,0.77826,False,True,1
-0.01,1,0.778436,False,True,1
-0.06,6,0.779378,False,True,1
-0.03,3,0.77986,False,True,1
-0.13,13,0.781867,False,True,1
-0.06,6,0.782807,False,True,1
-0.03,3,0.783292,False,True,1
-0.07,7,0.784378,False,True,1
-0.04,4,0.785015,False,True,1
-0.15,15,0.787296,False,True,1
-0.05,5,0.788086,False,True,1
-0.05,5,0.788877,False,True,1
-0.05,5,0.789659,False,True,1
-0.06,6,0.790592,False,True,1
-0.03,3,0.79108,False,True,1
-0.01,1,0.79126,False,True,1
-0.12,12,0.793108,False,True,1
-0.02,2,0.793443,False,True,1
-0.05,5,0.794225,False,True,1
-0.11,11,0.795924,False,True,1
1.86,14,0.798073,False,True,3
-0.2,20,0.801123,False,True,1
-0.01,1,0.801307,False,True,1
-0.04,4,0.801941,False,True,1
-0.03,3,0.802426,False,True,1
-0.02,2,0.80276,False,True,1
-0.07,7,0.803841,False,True,1
-0.09,9,0.805227,False,True,1
-0.13,13,0.80723,False,True,1
0.86,14,0.80938,False,True,2
-0.07,7,0.810491,False,True,1
-0.22,22,0.813835,False,True,1
-0.05,5,0.814626,False,True,1
-0.07,7,0.815715,False,True,1
2.94,6,0.816653,False,True,4
-0.05,5,0.817445,False,True,1
-0.03,3,0.817929,False,True,1
-0.01,1,0.818118,False,True,1
-0.06,6,0.819072,False,True,1
-0.09,9,0.820487,False,True,1
-0.03,3,0.820978,False,True,1
-0.1,10,0.822523,False,True,1
0.95,5,0.823309,False,True,2
-0.27,27,0.827393,False,True,1
-0.08,8,0.828639,False,True,1
-0.03,3,0.829125,False,True,1
-0.01,1,0.829304,False,True,1
-0.02,2,0.829632,False,True,1
-0.05,5,0.830416,False,True,1
-0.01,1,0.830601,False,True,1
-0.02,2,0.830932,False,True,1
-0.11,11,0.832617,False,True,1
-0.06,6,0.833552,False,True,1
-0.07,7,0.834639,False,True,1
-0.22,22,0.837963,False,True,1
-0.06,6,0.83891,False,True,1
-0.05,5,0.839703,False,True,1
-0.04,4,0.840334,False,True,1
-0.08,8,0.841573,False,True,1
-0.06,6,0.842518,False,True,1
-0.03,3,0.843003,False,True,1
-0.02,2,0.843335,False,True,1
-0.12,12,0.845159,False,True,1
-0.04,4,0.845792,False,True,1
-0.02,2,0.846125,False,True,1
-0.08,8,0.847382,False,True,1
-0.05,5,0.848189,False,True,1
-0.06,6,0.849124,False,True,1
-0.08,8,0.850368,False,True,1
-0.07,7,0.851455,False,True,1
-0.03,3,0.851939,False,True,1
-0.07,7,0.853041,False,True,1
-0.02,2,0.853372,False,True,1
-0.03,3,0.853858,False,True,1
-0.05,5,0.854647,False,True,1
-0.01,1,0.854825,False,True,1
-0.02,2,0.855157,False,True,1
-0.04,4,0.855796,False,True,1
-0.02,2,0.856136,False,True,1
-0.01,1,0.856314,False,True,1
-0.03,3,0.856794,False,True,1
1.96,4,0.857437,False,True,3
-0.09,9,0.858821,False,True,1
-0.02,2,0.859151,False,True,1
-0.03,3,0.859632,False,True,1
1.94,6,0.860588,False,True,3
-0.08,8,0.86184,False,True,1
-0.03,3,0.862468,False,True,1
-0.02,2,0.862936,False,True,1
-0.05,5,0.86397,False,True,1
-0.02,2,0.864369,False,True,1
-0.11,11,0.866112,False,True,1
-0.06,6,0.867072,False,True,1
-0.05,5,0.867878,False,True,1
-0.03,3,0.868367,False,True,1
1.77,23,0.871919,False,True,3
-0.11,11,0.874058,False,True,1
-0.03,3,0.874628,False,True,1
-0.03,3,0.875175,False,True,1
-0.05,5,0.876035,False,True,1
-0.09,9,0.877563,False,True,1
-0.05,5,0.8784,False,True,1
-0.04,4,0.879049,False,True,1
-0.03,3,0.879541,False,True,1
0.92,8,0.880804,False,True,2
-0.04,4,0.881449,False,True,1
1.97,3,0.881947,False,True,3
-0.04,4,0.882597,False,True,1
-0.01,1,0.882779,False,True,1
-0.11,11,0.884484,False,True,1
-0.06,6,0.885441,False,True,1
-0.03,3,0.885932,False,True,1
1.96,4,0.886574,False,True,3
-0.05,5,0.887374,False,True,1
-0.01,1,0.88756,False,True,1
-0.11,11,0.889266,False,True,1
-0.01,1,0.889448,False,True,1
-0.02,2,0.889781,False,True,1
1.94,6,0.890736,False,True,3
-0.01,1,0.89092,False,True,1
-0.01,1,0.891102,False,True,1
-0.02,2,0.891434,False,True,1
-0.11,11,0.893135,False,True,1
-0.02,2,0.893472,False,True,1
1.96,4,0.894123,False,True,3
-0.13,13,0.896126,False,True,1
-0.04,4,0.896773,False,True,1
-0.09,9,0.898183,False,True,1
-0.01,1,0.898362,False,True,1
-0.01,1,0.898539,False,True,1
-0.01,1,0.898721,False,True,1
-0.04,4,0.899358,False,True,1
-0.04,4,0.899998,False,True,1
-0.01,1,0.900178,False,True,1
-0.02,2,0.900509,False,True,1
-0.06,6,0.901466,False,True,1
1.85,15,0.903909,False,True,3
-0.05,5,0.904701,False,True,1
-0.07,7,0.905799,False,True,1
-0.04,4,0.906438,False,True,1
-0.04,4,0.907078,False,True,1
-0.03,3,0.907568,False,True,1
-0.07,7,0.908652,False,True,1
-0.03,3,0.909141,False,True,1
-0.12,12,0.91098,False,True,1
-0.1,10,0.912519,False,True,1
-0.02,2,0.912855,False,True,1
1.93,7,0.913951,False,True,3
-0.15,15,0.916248,False,True,1
-0.02,2,0.916581,False,True,1
-0.02,2,0.916912,False,True,1
-0.19,19,0.919799,False,True,1
-0.03,3,0.920288,False,True,1
-0.02,2,0.920618,False,True,1
-0.07,7,0.921708,False,True,1
-0.01,1,0.921895,False,True,1
-0.12,12,0.923741,False,True,1
-0.02,2,0.924078,False,True,1
-0.09,9,0.925465,False,True,1
-0.06,6,1.377339,False,True,1
-0.01,1,1.377623,False,True,1
-0.09,9,1.379205,False,True,1
0.91,9,1.380725,False,True,2
-0.04,4,1.381411,False,True,1
-0.05,5,1.38227,False,True,1
0.94,6,1.383293,False,True,2
-0.06,6,1.384322,False,True,1
-0.04,4,1.385035,False,True,1
-0.03,3,1.385573,False,True,1
-0.07,7,1.386781,False,True,1
-0.01,1,1.386986,False,True,1
-0.02,2,1.387349,False,True,1
-0.04,4,1.388028,False,True,1
-0.03,3,1.388556,False,True,1
-0.01,1,1.388757,False,True,1
-0.1,10,1.39031,False,True,1
-0.14,14,1.392478,False,True,1
-0.06,6,1.393444,False,True,1
-0.03,3,1.393932,False,True,1
-0.05,5,1.39475,False,True,1
-0.13,13,1.396744,False,True,1
-0.1,10,1.398664,False,True,1
-0.01,1,1.398884,False,True,1
-0.02,2,1.399244,False,True,1
-0.01,1,1.399454,False,True,1
-0.02,2,1.39981,False,True,1
0.91,9,1.401276,False,True,2
-0.07,7,1.402421,False,True,1
-0.01,1,1.402611,False,True,1
-0.03,3,1.403119,False,True,1
-0.07,7,1.404241,False,True,1
-0.03,3,1.404776,False,True,1
-0.01,1,1.404966,False,True,1
-0.02,2,1.405313,False,True,1
-0.01,1,1.4055,False,True,1
-0.06,6,1.406466,False,True,1
-0.04,4,1.40713,False,True,1
-0.08,8,1.40842,False,True,1
-0.02,2,1.408766,False,True,1
1.93,7,1.4099,False,True,3
1.97,3,1.4104,False,True,3
-0.11,11,1.412153,False,True,1
-0.05,5,1.412969,False,True,1
-0.05,5,1.413771,False,True,1
-0.08,8,1.415041,False,True,1
-0.06,6,1.416011,False,True,1
-0.04,4,1.416662,False,True,1
-0.02,2,1.417011,False,True,1
-0.08,8,1.418302,False,True,1
-0.01,1,1.418492,False,True,1
-0.04,4,1.419146,False,True,1
-0.02,2,1.419492,False,True,1
-0.02,2,1.419849,False,True,1
-0.07,7,1.420995,False,True,1
-0.04,4,1.421643,False,True,1
-0.04,4,1.422307,False,True,1
-0.06,6,1.423274,False,True,1
-0.01,1,1.423463,False,True,1
-0.11,11,1.425209,False,True,1
-0.03,3,1.425712,False,True,1
-0.06,6,1.426683,False,True,1
-0.03,3,1.427186,False,True,1
-0.01,1,1.42737,False,True,1
-0.02,2,1.427709,False,True,1
-0.01,1,1.427894,False,True,1
-0.05,5,1.4287,False,True,1
-0.03,3,1.429203,False,True,1
-0.04,4,1.429855,False,True,1
-0.03,3,1.430354,False,True,1
-0.06,6,1.431314,False,True,1
-0.04,4,1.431964,False,True,1
-0.01,1,1.432149,False,True,1
-0.05,5,1.432954,False,True,1
-0.01,1,1.433156,False,True,1
-0.01,1,1.433337,False,True,1
-0.06,6,1.434299,False,True,1
1.96,4,1.434963,False,True,3
-0.09,9,1.436384,False,True,1
-0.04,4,1.437046,False,True,1
-0.12,12,1.438936,False,True,1
-0.01,1,1.439123,False,True,1
-0.03,3,1.439619,False,True,1
-0.03,3,1.440125,False,True,1
-0.02,2,1.440473,False,True,1
-0.01,1,1.440659,False,True,1
-0.01,1,1.440846,False,True,1
-0.03,3,1.441338,False,True,1
-0.01,1,1.441526,False,True,1
-0.02,2,1.44187,False,True,1
-0.1,10,1.443454,False,True,1
-0.02,2,1.4438,False,True,1
-0.01,1,1.443983,False,True,1
-0.07,7,1.445097,False,True,1
-0.09,9,1.446524,False,True,1
-0.04,4,1.447177,False,True,1
-0.06,6,1.448135,False,True,1
-0.02,2,1.448476,False,True,1
-0.01,1,1.448657,False,True,1
-0.01,1,1.448841,False,True,1
-0.04,4,1.449497,False,True,1
-0.09,9,1.450922,False,True,1
-0.15,15,1.453276,False,True,1
-0.01,1,1.453462,False,True,1
-0.01,1,1.453656,False,True,1
-0.06,6,1.454912,False,True,1
-0.1,10,1.456568,False,True,1
-0.01,1,1.456764,False,True,1
-0.11,11,1.45855,False,True,1
-0.02,2,1.458898,False,True,1
-0.04,4,1.459576,False,True,1
-0.12,12,1.461467,False,True,1
1.95,5,1.462281,False,True,3
1.86,14,1.464488,False,True,3
-0.06,6,1.465455,False,True,1
-0.04,4,1.466111,False,True,1
-0.04,4,1.466762,False,True,1
-0.02,2,1.467102,False,True,1
-0.11,11,1.468824,False,True,1
-0.01,1,1.469009,False,True,1
-0.04,4,1.469652,False,True,1
-0.06,6,1.470611,False,True,1
-0.15,15,1.472956,False,True,1
-0.01,1,1.473141,False,True,1
-0.01,1,1.473323,False,True,1
2.86,14,1.475499,False,True,4
-0.03,3,1.475991,False,True,1
-0.03,3,1.476481,False,True,1
-0.09,9,1.477889,False,True,1
-0.02,2,1.47823,False,True,1
-0.02,2,1.478568,False,True,1
-0.02,2,1.478901,False,True,1
-0.02,2,1.479237,False,True,1
-0.09,9,1.480663,False,True,1
-0.16,16,1.483128,False,True,1
-0.02,2,1.48347,False,True,1
-0.02,2,1.483807,False,True,1
-0.03,3,1.484304,False,True,1
-0.01,1,1.484486,False,True,1
-0.05,5,1.485281,False,True,1
-0.04,4,1.485926,False,True,1
-0.09,9,1.487318,False,True,1
-0.02,2,1.487653,False,True,1
-0.05,5,1.48845,False,True,1
-0.05,5,1.489263,False,True,1
-0.07,7,1.490421,False,True,1
-0.1,10,1.492092,False,True,1
-0.02,2,1.492468,False,True,1
-0.01,1,1.492662,False,True,1
-0.01,1,1.492855,False,True,1
1.91,9,1.494363,False,True,3
-0.13,13,1.49646,False,True,1
-0.07,7,1.497581,False,True,1
-0.08,8,1.498835,False,True,1
-0.07,7,1.499939,False,True,1
-0.02,2,1.500279,False,True,1
-0.03,3,1.500774,False,True,1
-0.02,2,1.501112,False,True,1
-0.04,4,1.501754,False,True,1
-0.02,2,1.502091,False,True,1
-0.04,4,1.502725,False,True,1
-0.04,4,1.503373,False,True,1
-0.02,2,1.503709,False,True,1
-0.04,4,1.504352,False,True,1
-0.06,6,1.505386,False,True,1
-0.04,4,1.50608,False,True,1
-0.03,3,1.506601,False,True,1
-0.05,5,1.507444,False,True,1
-0.02,2,1.507802,False,True,1
-0.02,2,1.508145,False,True,1
-0.02,2,1.508486,False,True,1
-0.03,3,1.508986,False,True,1
-0.01,1,1.509171,False,True,1
-0.03,3,1.509671,False,True,1
1.95,5,1.510486,False,True,3
-0.06,6,1.511456,False,True,1
-0.02,2,1.511801,False,True,1
-0.03,3,1.512294,False,True,1
-0.03,3,1.512798,False,True,1
-0.09,9,1.514236,False,True,1
-0.03,3,1.514731,False,True,1
-0.02,2,1.515075,False,True,1
-0.02,2,1.51543,False,True,1
-0.01,1,1.515611,False,True,1
-0.08,8,1.516876,False,True,1
-0.05,5,1.517693,False,True,1
-0.06,6,1.518657,False,True,1
-0.01,1,1.518842,False,True,1
-0.03,3,1.519345,False,True,1
-0.01,1,1.519533,False,True,1
-0.01,1,1.519718,False,True,1
-0.17,17,1.52237,False,True,1
-0.01,1,1.522553,False,True,1
-0.06,6,1.523507,False,True,1
-0.16,16,1.52602,False,True,1
-0.02,2,1.526362,False,True,1
1.97,3,1.526859,False,True,3
-0.07,7,1.527977,False,True,1
1.91,9,1.52943,False,True,3
1.9,10,1.531005,False,True,3
-0.05,5,1.531814,False,True,1
-0.03,3,1.532311,False,True,1
-0.07,7,1.533433,False,True,1
-0.04,4,1.534091,False,True,1
-0.07,7,1.535214,False,True,1
-0.15,15,1.537571,False,True,1
-0.06,6,1.538546,False,True,1
-0.01,1,1.538734,False,True,1
-0.03,3,1.539231,False,True,1
-0.01,1,1.539412,False,True,1
-0.18,18,1.542213,False,True,1
-0.02,2,1.542554,False,True,1
-0.05,5,1.543355,False,True,1
-0.07,7,1.544474,False,True,1
-0.13,13,1.54652,False,True,1
-0.06,6,1.547485,False,True,1
-0.03,3,1.547983,False,True,1
0.85,15,1.550339,False,True,2
1.79,21,1.553592,False,True,3
-0.01,1,1.553779,False,True,1
-0.01,1,1.553961,False,True,1
-0.01,1,1.554144,False,True,1
-0.01,1,1.554322,False,True,1
-0.03,3,1.554818,False,True,1
-0.02,2,1.555161,False,True,1
-0.01,1,1.55534,False,True,1
-0.03,3,1.55583,False,True,1
-0.03,3,1.556322,False,True,1
-0.04,4,1.556968,False,True,1
-0.06,6,1.557935,False,True,1
-0.04,4,1.558587,False,True,1
-0.05,5,1.559399,False,True,1
-0.01,1,1.55958,False,True,1
1.82,18,1.562409,False,True,3
-0.05,5,1.563249,False,True,1
-0.02,2,1.563593,False,True,1
-0.05,5,1.564398,False,True,1
-0.09,9,1.565825,False,True,1
-0.01,1,1.566013,False,True,1
-0.01,1,1.566194,False,True,1
-0.02,2,1.566536,False,True,1
-0.01,1,1.566717,False,True,1
-0.04,4,1.567364,False,True,1
-0.01,1,1.56755,False,True,1
-0.04,4,1.568205,False,True,1
0.93,7,1.569322,False,True,2
-0.06,6,1.570283,False,True,1
-0.28,28,1.574619,False,True,1
-0.07,7,1.575735,False,True,1
-0.07,7,1.57685,False,True,1
-0.09,9,1.578267,False,True,1
-0.04,4,1.578922,False,True,1
-0.04,4,1.579579,False,True,1
-0.03,3,1.580073,False,True,1
1.93,7,1.581194,False,True,3
-0.04,4,1.581846,False,True,1
-0.02,2,1.582181,False,True,1
1.91,9,1.58361,False,True,3
-0.02,2,1.583954,False,True,1
-0.12,12,1.58584,False,True,1
9.92,8,1.587115,True,False,5
-0.03,3,1.587608,False,True,1
-0.01,1,1.587788,False,True,1
-0.01,1,1.587968,False,True,1
-0.08,8,1.589238,False,True,1
-0.14,14,1.591432,False,True,1
-0.04,4,1.592113,False,True,1
1.81,19,1.595079,False,True,3
-0.06,6,1.596045,False,True,1
-0.07,7,1.597159,False,True,1
0.91,9,1.598601,False,True,2
-0.03,3,1.599102,False,True,1
-0.01,1,1.599287,False,True,1
-0.02,2,1.599631,False,True,1
-0.09,9,1.601051,False,True,1
-0.08,8,1.60232,False,True,1
-0.03,3,1.602815,False,True,1
-0.03,3,1.603309,False,True,1
-0.02,2,1.603647,False,True,1
-0.03,3,1.604143,False,True,1
-0.06,6,1.605092,False,True,1
-0.06,6,1.606059,False,True,1
1.96,4,1.606708,False,True,3
-0.04,4,1.607357,False,True,1
-0.01,1,1.60754,False,True,1
-0.01,1,1.60772,False,True,1
-0.01,1,1.607899,False,True,1
-0.03,3,1.608395,False,True,1
-0.03,3,1.608885,False,True,1
-0.01,1,1.60907,False,True,1
-0.08,8,1.610345,False,True,1
-0.05,5,1.611157,False,True,1
0.91,9,1.612584,False,True,2
-0.03,3,1.613084,False,True,1
-0.03,3,1.613578,False,True,1
-0.09,9,1.61501,False,True,1
-0.06,6,1.615976,False,True,1
-0.01,1,1.616161,False,True,1
-0.07,7,1.617268,False,True,1
-0.05,5,1.618075,False,True,1
-0.11,11,1.619812,False,True,1
-0.05,5,1.620616,False,True,1
-0.03,3,1.621109,False,True,1
0.89,11,1.622833,False,True,2
-0.04,4,1.623485,False,True,1
-0.01,1,1.623668,False,True,1
-0.04,4,1.624318,False,True,1
-0.02,2,1.62466,False,True,1
-0.05,5,1.625463,False,True,1
-0.02,2,1.625802,False,True,1
-0.05,5,1.6266,False,True,1
-0.01,1,1.626789,False,True,1
-0.02,2,1.627127,False,True,1
-0.01,1,1.627306,False,True,1
-0.03,3,1.627798,False,True,1
-0.01,1,1.627982,False,True,1
-0.05,5,1.628784,False,True,1
-0.02,2,1.629122,False,True,1
0.87,13,1.631165,False,True,2
-0.01,1,1.631351,False,True,1
-0.16,16,1.633832,False,True,1
-0.01,1,1.634015,False,True,1
-0.01,1,1.634198,False,True,1
-0.03,3,1.634691,False,True,1
-0.03,3,1.635186,False,True,1
-0.06,6,1.636141,False,True,1
-0.03,3,1.636632,False,True,1
-0.06,6,1.637588,False,True,1
-0.07,7,1.638701,False,True,1
-0.09,9,1.640121,False,True,1
-0.04,4,1.640766,False,True,1
0.91,9,1.642184,False,True,2
-0.05,5,1.642991,False,True,1
-0.12,12,1.644866,False,True,1
-0.06,6,1.645831,False,True,1
-0.01,1,1.646015,False,True,1
-0.02,2,1.646352,False,True,1
-0.04,4,1.646997,False,True,1
-0.05,5,1.647798,False,True,1
-0.01,1,1.647987,False,True,1
-0.04,4,1.648638,False,True,1
-0.03,3,1.649135,False,True,1
-0.11,11,1.650848,False,True,1
-0.05,5,1.65166,False,True,1
-0.03,3,1.652151,False,True,1
-0.08,8,1.653417,False,True,1
-0.05,5,1.654227,False,True,1
-0.08,8,1.65552,False,True,1
-0.03,3,1.656018,False,True,1
-0.08,8,1.65729,False,True,1
-0.09,9,1.658715,False,True,1
-0.13,13,1.660743,False,True,1
-0.07,7,1.66186,False,True,1
-0.01,1,1.662059,False,True,1
-0.04,4,1.662711,False,True,1
-0.05,5,1.66352,False,True,1
-0.01,1,1.663706,False,True,1
-0.04,4,1.664354,False,True,1
-0.06,6,1.665344,False,True,1
-0.13,13,1.667513,False,True,1
-0.08,8,1.668901,False,True,1
-0.02,2,1.669262,False,True,1
-0.13,13,1.671453,False,True,1
-0.09,9,1.672884,False,True,1
-0.01,1,1.673074,False,True,1
-0.03,3,1.673573,False,True,1
-0.06,6,1.674531,False,True,1
-0.05,5,1.675352,False,True,1
-0.1,10,1.676932,False,True,1
-0.02,2,1.677274,False,True,1
-0.1,10,1.678849,False,True,1
-0.01,1,1.679031,False,True,1
-0.04,4,1.679681,False,True,1
-0.04,4,1.680495,False,True,1
-0.13,13,1.682616,False,True,1
-0.01,1,1.682811,False,True,1
-0.03,3,1.683332,False,True,1
1.86,14,1.685564,False,True,3
-0.03,3,1.686064,False,True,1
-0.21,21,1.689326,False,True,1
-0.11,11,1.691251,False,True,1
-0.05,5,1.692128,False,True,1
-0.02,2,1.692483,False,True,1
-0.03,3,1.692993,False,True,1
-0.04,4,1.693646,False,True,1
-0.06,6,1.694611,False,True,1
-0.08,8,1.695879,False,True,1
-0.13,13,1.697896,False,True,1
-0.05,5,1.698708,False,True,1
1.93,7,1.699817,False,True,3
-0.04,4,1.700475,False,True,1
-0.01,1,1.700657,False,True,1
-0.02,2,1.700995,False,True,1
-0.02,2,1.70133,False,True,1
-0.02,2,1.701666,False,True,1
-0.05,5,1.702457,False,True,1
-0.09,9,1.703905,False,True,1
0.92,8,1.705153,False,True,2
0.84,16,1.707614,False,True,2
-0.05,5,1.708415,False,True,1
-0.06,6,1.709364,False,True,1
-0.01,1,1.709546,False,True,1
-0.01,1,1.709725,False,True,1
-0.04,4,2.123745,False,True,1
-0.07,7,2.125013,False,True,1
-0.05,5,2.125851,False,True,1
-0.01,1,2.126048,False,True,1
-0.02,2,2.126401,False,True,1
-0.01,1,2.126591,False,True,1
-0.01,1,2.126781,False,True,1
-0.01,1,2.126973,False,True,1
-0.09,9,2.128413,False,True,1
-0.04,4,2.129082,False,True,1
-0.03,3,2.129584,False,True,1
-0.03,3,2.130093,False,True,1
-0.04,4,2.130751,False,True,1
-0.02,2,2.131096,False,True,1
-0.1,10,2.13269,False,True,1
-0.05,5,2.133501,False,True,1
-0.09,9,2.134931,False,True,1
-0.02,2,2.135278,False,True,1
-0.08,8,2.136551,False,True,1
-0.02,2,2.136893,False,True,1
-0.05,5,2.137706,False,True,1
-0.09,9,2.139131,False,True,1
-0.1,10,2.14071,False,True,1
-0.03,3,2.141205,False,True,1
-0.01,1,2.141389,False,True,1
-0.07,7,2.142496,False,True,1
-0.07,7,2.143618,False,True,1
2.89,11,2.145355,False,True,4
-0.03,3,2.145854,False,True,1
-0.02,2,2.1462,False,True,1
-0.01,1,2.146385,False,True,1
1.88,12,2.148272,False,True,3
-0.04,4,2.148922,False,True,1
-0.03,3,2.149424,False,True,1
-0.02,2,2.149766,False,True,1
-0.05,5,2.150571,False,True,1
-0.02,2,2.150912,False,True,1
-0.01,1,2.151099,False,True,1
-0.02,2,2.151442,False,True,1
-0.08,8,2.152702,False,True,1
-0.01,1,2.152886,False,True,1
-0.06,6,2.153845,False,True,1
-0.03,3,2.154341,False,True,1
-0.08,8,2.155602,False,True,1
-0.01,1,2.155788,False,True,1
-0.05,5,2.15659,False,True,1
-0.09,9,2.158009,False,True,1
-0.02,2,2.158352,False,True,1
-0.06,6,2.159307,False,True,1
-0.01,1,2.15949,False,True,1
-0.02,2,2.159822,False,True,1
-0.03,3,2.160324,False,True,1
-0.01,1,2.160508,False,True,1
-0.01,1,2.160688,False,True,1
9.9,10,2.162264,True,False,5
9.93,7,2.163389,True,False,5
-0.04,4,2.164044,False,True,1
-0.03,3,2.164535,False,True,1
-0.03,3,2.165034,False,True,1
-0.02,2,2.165372,False,True,1
-0.02,2,2.165705,False,True,1
-0.05,5,2.166507,False,True,1
-0.2,20,2.169612,False,True,1
1.96,4,2.170265,False,True,3
-0.01,1,2.170448,False,True,1
-0.01,1,2.170628,False,True,1
-0.06,6,2.171578,False,True,1
1.94,6,2.172545,False,True,3
-0.03,3,2.173053,False,True,1
1.95,5,2.173884,False,True,3
-0.06,6,2.174848,False,True,1
-0.01,1,2.17503,False,True,1
-0.06,6,2.175987,False,True,1
1.94,6,2.176957,False,True,3
-0.01,1,2.177145,False,True,1
-0.02,2,2.177487,False,True,1
1.91,9,2.178909,False,True,3
-0.01,1,2.179095,False,True,1
-0.04,4,2.17974,False,True,1
-0.02,2,2.18008,False,True,1
-0.03,3,2.180568,False,True,1
1.95,5,2.181373,False,True,3
-0.01,1,2.181557,False,True,1
-0.13,13,2.18359,False,True,1
-0.02,2,2.183931,False,True,1
-0.04,4,2.184579,False,True,1
-0.06,6,2.185541,False,True,1
-0.04,4,2.186193,False,True,1
-0.01,1,2.186375,False,True,1
-0.01,1,2.186553,False,True,1
-0.05,5,2.187357,False,True,1
-0.1,10,2.188934,False,True,1
-0.1,10,2.190529,False,True,1
-0.03,3,2.191024,False,True,1
0.91,9,2.192439,False,True,2
-0.02,2,2.192784,False,True,1
-0.04,4,2.193433,False,True,1
-0.08,8,2.194721,False,True,1
1.89,11,2.196438,False,True,3
-0.05,5,2.197241,False,True,1
-0.04,4,2.197891,False,True,1
-0.04,4,2.198543,False,True,1
1.92,8,2.199791,False,True,3
-0.01,1,2.199971,False,True,1
-0.01,1,2.200151,False,True,1
1.95,5,2.200971,False,True,3
-0.03,3,2.20147,False,True,1
-0.01,1,2.201652,False,True,1
-0.05,5,2.202451,False,True,1
-0.06,6,2.20342,False,True,1
-0.02,2,2.203757,False,True,1
-0.07,7,2.204874,False,True,1
-0.12,12,2.206749,False,True,1
-0.03,3,2.207244,False,True,1
-0.02,2,2.207579,False,True,1
-0.01,1,2.207759,False,True,1
-0.07,7,2.208863,False,True,1
-0.02,2,2.209208,False,True,1
-0.06,6,2.210163,False,True,1
-0.01,1,2.210346,False,True,1
-0.01,1,2.210529,False,True,1
-0.03,3,2.211022,False,True,1
-0.04,4,2.211666,False,True,1
-0.01,1,2.21185,False,True,1
-0.02,2,2.212186,False,True,1
-0.16,16,2.214668,False,True,1
-0.01,1,2.214859,False,True,1
1.91,9,2.216278,False,True,3
-0.03,3,2.216774,False,True,1
1.96,4,2.217427,False,True,3
-0.01,1,2.217612,False,True,1
-0.01,1,2.217791,False,True,1
-0.06,6,2.21874,False,True,1
-0.03,3,2.219237,False,True,1
-0.07,7,2.220331,False,True,1
-0.07,7,2.221442,False,True,1
-0.01,1,2.221624,False,True,1
1.97,3,2.222114,False,True,3
-0.03,3,2.22261,False,True,1
-0.07,7,2.223716,False,True,1
-0.01,1,2.223898,False,True,1
-0.02,2,2.224234,False,True,1
-0.01,1,2.224415,False,True,1
-0.08,8,2.225673,False,True,1
-0.02,2,2.226012,False,True,1
1.96,4,2.226663,False,True,3
1.92,8,2.22792,False,True,3
-0.07,7,2.229025,False,True,1
-0.02,2,2.229363,False,True,1
-0.02,2,2.229703,False,True,1
-0.01,1,2.229892,False,True,1
-0.05,5,2.230684,False,True,1
-0.03,3,2.231176,False,True,1
-0.04,4,2.231818,False,True,1
0.96,4,2.23246,False,True,2
-0.1,10,2.234231,False,True,1
-0.01,1,2.234433,False,True,1
-0.03,3,2.234951,False,True,1
-0.01,1,2.235141,False,True,1
-0.03,3,2.235648,False,True,1
-0.03,3,2.236158,False,True,1
1.95,5,2.23698,False,True,3
-0.03,3,2.237483,False,True,1
-0.05,5,2.238324,False,True,1
-0.01,1,2.238509,False,True,1
-0.02,2,2.238857,False,True,1
-0.02,2,2.239196,False,True,1
-0.04,4,2.239864,False,True,1
0.97,3,2.240361,False,True,2
-0.02,2,2.240704,False,True,1
-0.04,4,2.241357,False,True,1
1.93,7,2.242481,False,True,3
-0.07,7,2.243607,False,True,1
-0.03,3,2.244106,False,True,1
-0.04,4,2.244759,False,True,1
-0.02,2,2.245098,False,True,1
-0.04,4,2.245762,False,True,1
-0.02,2,2.246101,False,True,1
1.96,4,2.246756,False,True,3
-0.02,2,2.247099,False,True,1
1.94,6,2.248058,False,True,3
-0.01,1,2.248243,False,True,1
-0.03,3,2.248736,False,True,1
-0.04,4,2.24939,False,True,1
-0.08,8,2.250657,False,True,1
-0.06,6,2.251616,False,True,1
-0.03,3,2.252107,False,True,1
0.94,6,2.253079,False,True,2
-0.01,1,2.253263,False,True,1
9.89,11,2.254997,True,False,5
1.95,5,2.255802,False,True,3
-0.1,10,2.257376,False,True,1
-0.15,15,2.259714,False,True,1
1.96,4,2.260369,False,True,3
-0.05,5,2.261166,False,True,1
-0.02,2,2.261507,False,True,1
-0.02,2,2.261846,False,True,1
-0.08,8,2.263111,False,True,1
-0.01,1,2.263301,False,True,1
-0.03,3,2.263794,False,True,1
-0.13,13,2.265834,False,True,1
-0.02,2,2.266189,False,True,1
-0.03,3,2.266682,False,True,1
-0.02,2,2.267035,False,True,1
-0.03,3,2.267534,False,True,1
-0.03,3,2.268024,False,True,1
-0.02,2,2.268362,False,True,1
-0.02,2,2.268699,False,True,1
-0.02,2,2.269039,False,True,1
0.93,7,2.298747,False,True,2
-0.1,10,2.300724,False,True,1
-0.06,6,2.301747,False,True,1
-0.01,1,2.301944,False,True,1
-0.02,2,2.302538,False,True,1
-0.04,4,2.303333,False,True,1
-0.01,1,2.303549,False,True,1
-0.01,1,2.303755,False,True,1
-0.06,6,2.304812,False,True,1
-0.05,5,2.305677,False,True,1
-0.03,3,2.30621,False,True,1
-0.05,5,2.307374,False,True,1
-0.11,11,2.309502,False,True,1
-0.05,5,2.310392,False,True,1
0.94,6,2.311389,False,True,2
1.94,6,2.312399,False,True,3
-0.01,1,2.312592,False,True,1
-0.03,3,2.313096,False,True,1
-0.01,1,2.313284,False,True,1
-0.04,4,2.313941,False,True,1
-0.03,3,2.314448,False,True,1
-0.01,1,2.314631,False,True,1
-0.02,2,2.314971,False,True,1
-0.01,1,2.315157,False,True,1
-0.01,1,2.31534,False,True,1
-0.01,1,2.315521,False,True,1
9.87,13,2.318101,True,False,5
-0.07,7,2.31942,False,True,1
-0.03,3,2.319979,False,True,1
-0.01,1,2.320172,False,True,1
-0.02,2,2.320573,False,True,1
-0.03,3,2.321101,False,True,1
-0.01,1,2.321293,False,True,1
-0.03,3,2.321853,False,True,1
-0.01,1,2.322054,False,True,1
-0.01,1,2.322257,False,True,1
-0.11,11,2.324126,False,True,1
-0.04,4,2.325015,False,True,1
-0.03,3,2.325685,False,True,1
-0.08,8,2.327443,False,True,1
-0.05,5,2.328394,False,True,1
-0.12,12,2.330316,False,True,1
1.96,4,2.330982,False,True,3
-0.04,4,2.331638,False,True,1
-0.01,1,2.331825,False,True,1
-0.04,4,2.332482,False,True,1
-0.04,4,2.333127,False,True,1
-0.09,9,2.334568,False,True,1
1.97,3,2.335061,False,True,3
1.94,6,2.336017,False,True,3
1.95,5,2.336817,False,True,3
1.91,9,2.338239,False,True,3
-0.03,3,2.338727,False,True,1
1.92,8,2.339982,False,True,3
9.91,9,2.341396,True,False,5
-0.01,1,2.341585,False,True,1
-0.09,9,2.342988,False,True,1
-0.05,5,2.343787,False,True,1
-0.03,3,2.344277,False,True,1
-0.04,4,2.344924,False,True,1
-0.01,1,2.345107,False,True,1
-0.01,1,2.34529,False,True,1
-0.06,6,2.346237,False,True,1
-0.01,1,2.346422,False,True,1
1.95,5,2.347224,False,True,3
-0.09,9,2.34864,False,True,1
-0.04,4,2.349286,False,True,1
-0.01,1,2.349468,False,True,1
-0.11,11,2.351181,False,True,1
-0.02,2,2.351519,False,True,1
-0.02,2,2.351854,False,True,1
-0.03,3,2.352344,False,True,1
-0.01,1,2.352525,False,True,1
1.95,5,2.353317,False,True,3
-0.01,1,2.353501,False,True,1
-0.02,2,2.35384,False,True,1
-0.01,1,2.354027,False,True,1
-0.01,1,2.354209,False,True,1
-0.11,11,2.355922,False,True,1
-0.06,6,2.356863,False,True,1
-0.2,20,2.359939,False,True,1
-0.03,3,2.360465,False,True,1
-0.02,2,2.360809,False,True,1
1.96,4,2.361453,False,True,3
-0.05,5,2.362246,False,True,1
-0.04,4,2.362883,False,True,1
-0.03,3,2.363377,False,True,1
-0.02,2,2.363727,False,True,1
-0.02,2,2.364064,False,True,1
-0.01,1,2.364244,False,True,1
-0.05,5,2.365039,False,True,1
-0.05,5,2.366011,False,True,1
-0.03,3,2.366551,False,True,1
1.95,5,2.367399,False,True,3
-0.02,2,2.367755,False,True,1
-0.03,3,2.36826,False,True,1
-0.03,3,2.368786,False,True,1
-0.05,5,2.369602,False,True,1
-0.04,4,2.370258,False,True,1
0.94,6,2.371231,False,True,2
-0.03,3,2.371741,False,True,1
-0.06,6,2.3727,False,True,1
-0.05,5,2.373513,False,True,1
-0.01,1,2.373702,False,True,1
-0.03,3,2.374199,False,True,1
-0.01,1,2.37439,False,True,1
-0.05,5,2.375201,False,True,1
-0.17,17,2.377846,False,True,1
-0.01,1,2.378041,False,True,1
1.96,4,2.37871,False,True,3
-0.04,4,2.379365,False,True,1
0.85,15,2.381695,False,True,2
0.89,11,2.383424,False,True,2
-0.05,5,2.384231,False,True,1
-0.16,16,2.38671,False,True,1
1.94,6,2.387674,False,True,3
1.91,9,2.389099,False,True,3
-0.03,3,2.389599,False,True,1
-0.02,2,2.389943,False,True,1
-0.02,2,2.390281,False,True,1
-0.05,5,2.391078,False,True,1
9.9,10,2.39266,True,False,5
-0.02,2,2.393005,False,True,1
-0.02,2,2.393348,False,True,1
-0.12,12,2.395228,False,True,1
-0.01,1,2.395428,False,True,1
-0.01,1,2.395612,False,True,1
9.9,10,2.397177,True,False,5
-0.05,5,2.397979,False,True,1
-0.1,10,2.399542,False,True,1
1.92,8,2.400796,False,True,3
-0.01,1,2.400979,False,True,1
-0.01,1,2.401172,False,True,1
-0.03,3,2.401658,False,True,1
-0.03,3,2.402153,False,True,1
-0.02,2,2.402486,False,True,1
-0.01,1,2.402671,False,True,1
0.96,4,2.403313,False,True,2
1.9,10,2.404864,False,True,3
-0.02,2,2.405202,False,True,1
-0.11,11,2.406922,False,True,1
1.92,8,2.408177,False,True,3
-0.09,9,2.409572,False,True,1
-0.01,1,2.409752,False,True,1
0.96,4,2.410396,False,True,2
0.96,4,2.411038,False,True,2
-0.01,1,2.411218,False,True,1
-0.02,2,2.41155,False,True,1
-0.02,2,2.411883,False,True,1
-0.03,3,2.412366,False,True,1
-0.04,4,2.413018,False,True,1
-0.04,4,2.413655,False,True,1
-0.01,1,2.413834,False,True,1
-0.03,3,2.414324,False,True,1
-0.03,3,2.414815,False,True,1
-0.01,1,2.414999,False,True,1
-0.09,9,2.416404,False,True,1
-0.06,6,2.417351,False,True,1
-0.07,7,2.418445,False,True,1
-0.02,2,2.418783,False,True,1
-0.01,1,2.418966,False,True,1
1.9,10,2.420515,False,True,3
-0.07,7,2.421611,False,True,1
-0.04,4,2.422254,False,True,1
-0.02,2,2.422592,False,True,1
-0.01,1,2.422773,False,True,1
2.95,5,2.423571,False,True,4
-0.01,1,2.423753,False,True,1
-0.02,2,2.424102,False,True,1
-0.02,2,2.424436,False,True,1
-0.03,3,2.424927,False,True,1
-0.03,3,2.425426,False,True,1
-0.03,3,2.425918,False,True,1
-0.01,1,2.426099,False,True,1
-0.09,9,2.427501,False,True,1
-0.01,1,2.427686,False,True,1
-0.08,8,2.428932,False,True,1
-0.03,3,2.429421,False,True,1
-0.07,7,2.43052,False,True,1
0.97,3,2.43101,False,True,2
-0.01,1,2.431193,False,True,1
-0.01,1,2.431373,False,True,1
-0.05,5,2.432164,False,True,1
-0.03,3,2.432654,False,True,1
-0.11,11,2.434363,False,True,1
9.92,8,2.435627,True,False,5
-0.05,5,2.436426,False,True,1
-0.04,4,2.437064,False,True,1
-0.1,10,2.438611,False,True,1
-0.03,3,2.439096,False,True,1
-0.02,2,2.439429,False,True,1
-0.18,18,2.442355,False,True,1
-0.03,3,2.442894,False,True,1
-0.04,4,2.443569,False,True,1
-0.07,7,2.444717,False,True,1
0.94,6,2.445691,False,True,2
-0.03,3,2.446195,False,True,1
-0.11,11,2.44794,False,True,1
-0.05,5,2.448747,False,True,1
-0.01,1,2.44893,False,True,1
-0.05,5,2.449736,False,True,1
1.94,6,2.4507,False,True,3
-0.05,5,2.451629,False,True,1
-0.02,2,2.452105,False,True,1
-0.05,5,2.452999,False,True,1
-0.11,11,2.454814,False,True,1
-0.04,4,2.45549,False,True,1
1.93,7,2.456672,False,True,3
-0.07,7,2.457802,False,True,1
-0.06,6,2.45878,False,True,1
-0.01,1,2.458967,False,True,1
-0.08,8,2.460247,False,True,1
-0.02,2,2.460589,False,True,1
-0.01,1,2.460774,False,True,1
-0.06,6,2.461755,False,True,1
-0.03,3,2.462259,False,True,1
-0.04,4,2.462921,False,True,1
2.9,10,2.464505,False,True,4
-0.01,1,2.46469,False,True,1
1.97,3,2.465188,False,True,3
-0.17,17,2.467852,False,True,1
-0.03,3,2.468356,False,True,1
-0.02,2,2.4687,False,True,1
-0.13,13,2.470727,False,True,1
-0.01,1,2.470912,False,True,1
-0.05,5,2.471735,False,True,1
-0.01,1,2.471924,False,True,1
1.87,13,2.473968,False,True,3
-0.17,17,2.476619,False,True,1
-0.03,3,2.477109,False,True,1
-0.07,7,2.478224,False,True,1
-0.01,1,2.478404,False,True,1
-0.01,1,2.47859,False,True,1
0.95,5,2.479399,False,True,2
-0.09,9,2.480827,False,True,1
0.9,10,2.482404,False,True,2
1.88,12,2.484289,False,True,3
-0.04,4,2.484936,False,True,1
-0.03,3,2.485431,False,True,1
-0.03,3,2.48592,False,True,1
9.92,8,2.487181,True,False,5
1.94,6,3.050558,False,True,3
-0.08,8,3.051983,False,True,1
-0.01,1,3.052181,False,True,1
-0.02,2,3.052537,False,True,1
1.96,4,3.05321,False,True,3
0.95,5,3.054024,False,True,2
-0.02,2,3.054377,False,True,1
0.92,8,3.055669,False,True,2
-0.06,6,3.05664,False,True,1
9.94,6,3.057613,True,False,5
-0.02,2,3.057957,False,True,1
-0.07,7,3.059077,False,True,1
-0.05,5,3.059892,False,True,1
-0.05,5,3.060696,False,True,1
1.95,5,3.061502,False,True,3
-0.05,5,3.062303,False,True,1
1.96,4,3.06296,False,True,3
-0.1,10,3.06452,False,True,1
-0.06,6,3.065485,False,True,1
-0.02,2,3.065829,False,True,1
1.96,4,3.066476,False,True,3
-0.06,6,3.067417,False,True,1
1.96,4,3.068063,False,True,3
-0.01,1,3.068244,False,True,1
-0.07,7,3.069349,False,True,1
-0.03,3,3.069843,False,True,1
-0.05,5,3.07064,False,True,1
-0.07,7,3.071742,False,True,1
-0.04,4,3.072388,False,True,1
-0.01,1,3.072571,False,True,1
-0.05,5,3.073359,False,True,1
-0.05,5,3.074161,False,True,1
0.97,3,3.074652,False,True,2
-0.01,1,3.074836,False,True,1
-0.08,8,3.076081,False,True,1
-0.02,2,3.076414,False,True,1
-0.04,4,3.077059,False,True,1
-0.03,3,3.077543,False,True,1
-0.04,4,3.078178,False,True,1
-0.02,2,3.078514,False,True,1
1.97,3,3.079,False,True,3
-0.1,10,3.080559,False,True,1
-0.03,3,3.081053,False,True,1
-0.01,1,3.081236,False,True,1
-0.01,1,3.081413,False,True,1
-0.03,3,3.081903,False,True,1
2.91,9,3.083307,False,True,4
-0.01,1,3.083491,False,True,1
-0.02,2,3.083826,False,True,1
-0.01,1,3.084005,False,True,1
-0.02,2,3.084342,False,True,1
-0.01,1,3.084523,False,True,1
-0.01,1,3.084705,False,True,1
-0.03,3,3.085197,False,True,1
-0.03,3,3.085684,False,True,1
-0.05,5,3.086469,False,True,1
-0.01,1,3.08665,False,True,1
-0.04,4,3.087291,False,True,1
1.96,4,3.087935,False,True,3
-0.08,8,3.089174,False,True,1
-0.08,8,3.090411,False,True,1
-0.03,3,3.090897,False,True,1
-0.01,1,3.09108,False,True,1
9.95,5,3.091879,True,False,5
-0.15,15,3.094185,False,True,1
-0.02,2,3.094523,False,True,1
-0.04,4,3.095164,False,True,1
0.89,11,3.09688,False,True,2
-0.01,1,3.097063,False,True,1
-0.01,1,3.097242,False,True,1
-0.06,6,3.098179,False,True,1
-0.01,1,3.098364,False,True,1
-0.04,4,3.09901,False,True,1
-0.02,2,3.099343,False,True,1
-0.02,2,3.099671,False,True,1
-0.03,3,3.100156,False,True,1
-0.03,3,3.100643,False,True,1
-0.05,5,3.101431,False,True,1
1.88,12,3.103295,False,True,3
-0.04,4,3.103935,False,True,1
0.95,5,3.104724,False,True,2
-0.01,1,3.104903,False,True,1
-0.05,5,3.105696,False,True,1
-0.03,3,3.10618,False,True,1
1.94,6,3.107131,False,True,3
-0.01,1,3.107318,False,True,1
-0.01,1,3.107496,False,True,1
-0.01,1,3.107673,False,True,1
-0.03,3,3.108158,False,True,1
-0.04,4,3.108796,False,True,1
-0.03,3,3.109285,False,True,1
-0.08,8,3.110527,False,True,1
-0.01,1,3.110713,False,True,1
-0.01,1,3.110895,False,True,1
-0.02,2,3.111226,False,True,1
-0.02,2,3.111559,False,True,1
-0.01,1,3.111737,False,True,1
9.89,11,3.113443,True,False,5
-0.03,3,3.113936,False,True,1
-0.02,2,3.114275,False,True,1
-0.03,3,3.114763,False,True,1
-0.04,4,3.115404,False,True,1
-0.06,6,3.116344,False,True,1
-0.02,2,3.116679,False,True,1
-0.04,4,3.117319,False,True,1
1.95,5,3.118112,False,True,3
-0.02,2,3.118446,False,True,1
-0.01,1,3.118626,False,True,1
-0.02,2,3.118958,False,True,1
-0.02,2,3.119289,False,True,1
-0.02,2,3.11962,False,True,1
-0.03,3,3.120117,False,True,1
-0.02,2,3.120448,False,True,1
-0.05,5,3.121238,False,True,1
1.96,4,3.121876,False,True,3
-0.03,3,3.122358,False,True,1
-0.03,3,3.122848,False,True,1
-0.06,6,3.123787,False,True,1
-0.04,4,3.124432,False,True,1
-0.08,8,3.125666,False,True,1
-0.03,3,3.126156,False,True,1
-0.02,2,3.126486,False,True,1
-0.04,4,3.127123,False,True,1
-0.01,1,3.127302,False,True,1
-0.01,1,3.127478,False,True,1
-0.05,5,3.128265,False,True,1
-0.06,6,3.129217,False,True,1
-0.06,6,3.130161,False,True,1
-0.03,3,3.130653,False,True,1
-0.01,1,3.130836,False,True,1
1.92,8,3.13208,False,True,3
-0.03,3,3.132572,False,True,1
-0.01,1,3.132749,False,True,1
1.95,5,3.133547,False,True,3
-0.03,3,3.134041,False,True,1
1.96,4,3.13469,False,True,3
-0.03,3,3.135175,False,True,1
-0.08,8,3.136414,False,True,1
-0.06,6,3.137352,False,True,1
0.83,17,3.139958,False,True,2
-0.02,2,3.140291,False,True,1
1.79,21,3.143489,False,True,3
-0.09,9,3.144889,False,True,1
-0.03,3,3.145378,False,True,1
-0.05,5,3.146168,False,True,1
0.95,5,3.146966,False,True,2
-0.02,2,3.147298,False,True,1
-0.01,1,3.147477,False,True,1
-0.01,1,3.147655,False,True,1
-0.01,1,3.147831,False,True,1
-0.02,2,3.148166,False,True,1
-0.02,2,3.148511,False,True,1
1.96,4,3.149158,False,True,3
-0.06,6,3.150107,False,True,1
1.9,10,3.151662,False,True,3
-0.02,2,3.151997,False,True,1
-0.02,2,3.152333,False,True,1
-0.03,3,3.152815,False,True,1
-0.02,2,3.153153,False,True,1
1.9,10,3.154708,False,True,3
9.91,9,3.156101,True,False,5
-0.01,1,3.156283,False,True,1
-0.09,9,3.157682,False,True,1
-0.06,6,3.158626,False,True,1
-0.05,5,3.159412,False,True,1
-0.03,3,3.159902,False,True,1
-0.03,3,3.160388,False,True,1
-0.02,2,3.160723,False,True,1
-0.02,2,3.161054,False,True,1
-0.06,6,3.16199,False,True,1
-0.01,1,3.16218,False,True,1
-0.02,2,3.162511,False,True,1
-0.03,3,3.162994,False,True,1
-0.07,7,3.16408,False,True,1
-0.03,3,3.164566,False,True,1
-0.04,4,3.165209,False,True,1
-0.04,4,3.165839,False,True,1
9.9,10,3.167391,True,False,5
-0.02,2,3.167725,False,True,1
-0.05,5,3.168517,False,True,1
-0.02,2,3.168853,False,True,1
-0.04,4,3.169491,False,True,1
-0.02,2,3.169828,False,True,1
-0.03,3,3.170311,False,True,1
-0.01,1,3.170491,False,True,1
-0.06,6,3.171425,False,True,1
-0.02,2,3.171758,False,True,1
-0.09,9,3.173152,False,True,1
-0.05,5,3.173945,False,True,1
-0.01,1,3.17413,False,True,1
-0.02,2,3.174461,False,True,1
-0.01,1,3.174641,False,True,1
-0.02,2,3.174974,False,True,1
9.91,9,3.176372,True,False,5
-0.04,4,3.177016,False,True,1
-0.02,2,3.177352,False,True,1
1.96,4,3.177991,False,True,3
-0.04,4,3.178623,False,True,1
9.92,8,3.179877,True,False,5
-0.02,2,3.180213,False,True,1
0.94,6,3.181154,False,True,2
1.92,8,3.182395,False,True,3
-0.06,6,3.183338,False,True,1
1.94,6,3.18428,False,True,3
-0.01,1,3.184462,False,True,1
-0.04,4,3.185102,False,True,1
-0.01,1,3.185281,False,True,1
-0.04,4,3.185916,False,True,1
-0.02,2,3.186255,False,True,1
-0.01,1,3.186434,False,True,1
-0.07,7,3.187517,False,True,1
0.95,5,3.188312,False,True,2
-0.02,2,3.188649,False,True,1
-0.03,3,3.189135,False,True,1
-0.01,1,3.189316,False,True,1
-0.03,3,3.189804,False,True,1
-0.14,14,3.191946,False,True,1
-0.01,1,3.192132,False,True,1
-0.02,2,3.192466,False,True,1
-0.09,9,3.193859,False,True,1
-0.06,6,3.194825,False,True,1
1.96,4,3.195492,False,True,3
1.96,4,3.196163,False,True,3
-0.01,1,3.196348,False,True,1
1.96,4,3.197015,False,True,3
-0.01,1,3.197205,False,True,1
9.9,10,3.198847,True,False,5
-0.15,15,3.201513,False,True,1
-0.03,3,3.202065,False,True,1
9.95,5,3.202922,True,False,5
-0.04,4,3.203609,False,True,1
-0.02,2,3.20397,False,True,1
-0.02,2,3.204334,False,True,1
-0.01,1,3.204527,False,True,1
-0.01,1,3.204721,False,True,1
-0.01,1,3.204907,False,True,1
-0.03,3,3.20542,False,True,1
-0.03,3,3.205935,False,True,1
-0.03,3,3.206455,False,True,1
2.91,9,3.207925,False,True,4
-0.02,2,3.208279,False,True,1
-0.01,1,3.208467,False,True,1
-0.01,1,3.208656,False,True,1
-0.01,1,3.208846,False,True,1
-0.01,1,3.209035,False,True,1
-0.01,1,3.209223,False,True,1
9.85,15,3.211668,True,False,5
-0.01,1,3.211865,False,True,1
-0.01,1,3.21205,False,True,1
-0.12,12,3.213995,False,True,1
-0.02,2,3.214351,False,True,1
-0.02,2,3.214703,False,True,1
-0.03,3,3.215212,False,True,1
-0.02,2,3.215581,False,True,1
-0.03,3,3.216108,False,True,1
-0.02,2,3.216471,False,True,1
1.89,11,3.218563,False,True,3
-0.05,5,3.219416,False,True,1
-0.05,5,3.220237,False,True,1
-0.04,4,3.220896,False,True,1
-0.02,2,3.221238,False,True,1
-0.05,5,3.22204,False,True,1
-0.02,2,3.222383,False,True,1
-0.02,2,3.222721,False,True,1
-0.01,1,3.222902,False,True,1
-0.05,5,3.223713,False,True,1
-0.01,1,3.223898,False,True,1
1.95,5,3.224717,False,True,3
-0.02,2,3.225054,False,True,1
1.91,9,3.226464,False,True,3
-0.02,2,3.226807,False,True,1
-0.02,2,3.227148,False,True,1
1.92,8,3.228408,False,True,3
-0.04,4,3.229051,False,True,1
1.94,6,3.229996,False,True,3
-0.01,1,3.23018,False,True,1
1.95,5,3.230995,False,True,3
-0.05,5,3.231798,False,True,1
-0.01,1,3.231977,False,True,1
9.94,6,3.232926,True,False,5
-0.02,2,3.233262,False,True,1
1.94,6,3.234221,False,True,3
-0.03,3,3.234709,False,True,1
-0.02,2,3.235046,False,True,1
0.95,5,3.235855,False,True,2
-0.02,2,3.236207,False,True,1
-0.01,1,3.236389,False,True,1
-0.03,3,3.236886,False,True,1
-0.03,3,3.237379,False,True,1
-0.02,2,3.237717,False,True,1
1.95,5,3.238514,False,True,3
-0.03,3,3.239007,False,True,1
0.95,5,3.239807,False,True,2
-0.01,1,3.239988,False,True,1
-0.04,4,3.240627,False,True,1
-0.03,3,3.241115,False,True,1
-0.01,1,3.241296,False,True,1
-0.01,1,3.241473,False,True,1
-0.06,6,3.242415,False,True,1
-0.04,4,3.243061,False,True,1
-0.02,2,3.243398,False,True,1
-0.02,2,3.243728,False,True,1
-0.03,3,3.244231,False,True,1
1.95,5,3.24503,False,True,3
-0.09,9,3.246439,False,True,1
9.91,9,3.247848,True,False,5
-0.04,4,3.248496,False,True,1
-0.01,1,3.248674,False,True,1
-0.02,2,3.249008,False,True,1
1.88,12,3.250856,False,True,3
-0.02,2,3.251196,False,True,1
-0.05,5,3.251986,False,True,1
1.94,6,3.252951,False,True,3
-0.01,1,3.253136,False,True,1
-0.08,8,3.254381,False,True,1
-0.01,1,3.254564,False,True,1
-0.01,1,3.254743,False,True,1
-0.06,6,3.255691,False,True,1
-0.05,5,3.256481,False,True,1
1.87,13,3.258485,False,True,3
1.93,7,3.259584,False,True,3
-0.03,3,3.260072,False,True,1
-0.01,1,3.260251,False,True,1
-0.01,1,3.260428,False,True,1
-0.01,1,3.260605,False,True,1
-0.06,6,3.261554,False,True,1
-0.08,8,3.262812,False,True,1
-0.04,4,3.263454,False,True,1
-0.04,4,3.264092,False,True,1
-0.04,4,3.26473,False,True,1
-0.06,6,3.265673,False,True,1
-0.03,3,3.266162,False,True,1
-0.03,3,3.266653,False,True,1
-0.04,4,3.267295,False,True,1
-0.03,3,3.267787,False,True,1
-0.02,2,3.268122,False,True,1
-0.05,5,3.268912,False,True,1
1.95,5,3.269702,False,True,3
-0.03,3,3.270193,False,True,1
0.93,7,3.271291,False,True,2
-0.05,5,3.27208,False,True,1
1.95,5,3.272877,False,True,3
-0.05,5,3.273671,False,True,1
-0.01,1,3.273848,False,True,1
-0.02,2,3.274199,False,True,1
0.9,10,3.275758,False,True,2
-0.02,2,3.276094,False,True,1
-0.02,2,3.276425,False,True,1
-0.02,2,3.276764,False,True,1
-0.04,4,3.277408,False,True,1
-0.01,1,3.277591,False,True,1
-0.03,3,3.278072,False,True,1
-0.03,3,3.278555,False,True,1
-0.03,3,3.279045,False,True,1
1.93,7,3.280135,False,True,3
-0.02,2,3.280466,False,True,1
0.97,3,3.280957,False,True,2
-0.05,5,3.281753,False,True,1
-0.03,3,3.282236,False,True,1
-0.03,3,3.282717,False,True,1
-0.01,1,3.282897,False,True,1
-0.05,5,3.28369,False,True,1
-0.02,2,3.284022,False,True,1
-0.03,3,3.28451,False,True,1
-0.06,6,3.285463,False,True,1
-0.02,2,3.285798,False,True,1
-0.03,3,3.28628,False,True,1
-0.01,1,3.286459,False,True,1
-0.11,11,3.288158,False,True,1
-0.04,4,3.288805,False,True,1
-0.02,2,3.289141,False,True,1
-0.03,3,3.28962,False,True,1
-0.03,3,3.29011,False,True,1
-0.03,3,3.290594,False,True,1
-0.01,1,3.290775,False,True,1
-0.03,3,3.291261,False,True,1
-0.01,1,3.291438,False,True,1
-0.03,3,3.291925,False,True,1
1.95,5,3.292721,False,True,3
-0.09,9,3.294137,False,True,1
1.95,5,3.294936,False,True,3
9.91,9,3.29634,True,False,5
-0.06,6,3.297295,False,True,1
-0.01,1,3.297477,False,True,1
-0.02,2,3.297814,False,True,1
0.95,5,3.298604,False,True,2
1.94,6,3.299545,False,True,3
1.94,6,3.300489,False,True,3
-0.02,2,3.300845,False,True,1
-0.04,4,3.301498,False,True,1
-0.03,3,3.301989,False,True,1
-0.01,1,3.302172,False,True,1
1.96,4,3.30281,False,True,3
1.96,4,3.303462,False,True,3
-0.05,5,3.304266,False,True,1
1.9,10,3.305834,False,True,3
-0.05,5,3.306632,False,True,1
-0.01,1,3.306816,False,True,1
1.97,3,3.307304,False,True,3
-0.01,1,3.307486,False,True,1
-0.05,5,3.308275,False,True,1
1.94,6,3.309224,False,True,3
-0.04,4,3.309861,False,True,1
-0.02,2,3.310195,False,True,1
-0.02,2,3.310529,False,True,1
-0.01,1,3.310705,False,True,1
-0.03,3,3.311193,False,True,1
-0.01,1,3.311371,False,True,1
0.93,7,3.312466,False,True,2
-0.02,2,3.312805,False,True,1
1.93,7,3.313903,False,True,3
-0.02,2,3.314245,False,True,1
-0.02,2,3.314583,False,True,1
-0.02,2,3.314918,False,True,1
-0.02,2,3.315252,False,True,1
-0.01,1,3.315431,False,True,1
-0.03,3,3.315918,False,True,1
-0.01,1,3.316106,False,True,1
-0.02,2,3.316433,False,True,1
-0.03,3,3.316924,False,True,1
-0.01,1,3.317104,False,True,1
-0.02,2,3.317434,False,True,1
-0.03,3,3.31792,False,True,1
-0.01,1,3.318097,False,True,1
1.95,5,3.318896,False,True,3
-0.08,8,3.320148,False,True,1
-0.07,7,3.321239,False,True,1
0.96,4,3.321881,False,True,2
1.91,9,3.32328,False,True,3
-0.05,5,3.324068,False,True,1
-0.03,3,3.324551,False,True,1
-0.05,5,3.32534,False,True,1
-0.05,5,3.326128,False,True,1
-0.01,1,3.326306,False,True,1
-0.03,3,3.326806,False,True,1
-0.02,2,3.327134,False,True,1
-0.02,2,3.327478,False,True,1
-0.02,2,3.327817,False,True,1
-0.02,2,3.328146,False,True,1
1.9,10,3.32969,False,True,3
-0.02,2,3.330024,False,True,1
-0.02,2,3.330365,False,True,1
-0.01,1,3.330548,False,True,1
-0.03,3,3.331034,False,True,1
-0.01,1,3.331213,False,True,1
-0.07,7,3.332306,False,True,1
-0.01,1,3.332486,False,True,1
-0.01,1,3.332664,False,True,1
-0.02,2,3.332995,False,True,1
-0.02,2,3.333325,False,True,1
1.9,10,3.334876,False,True,3
-0.02,2,3.335209,False,True,1
1.94,6,3.33615,False,True,3
-0.01,1,3.336331,False,True,1
-0.03,3,3.33682,False,True,1
-0.06,6,3.337754,False,True,1
-0.21,21,3.340986,False,True,1
-0.01,1,3.341172,False,True,1
-0.01,1,3.341349,False,True,1
-0.01,1,3.341524,False,True,1
-0.03,3,3.342012,False,True,1
-0.03,3,3.342498,False,True,1
1.95,5,3.343288,False,True,3
-0.15,15,3.345588,False,True,1
-0.02,2,3.34592,False,True,1
-0.06,6,3.346875,False,True,1
-0.02,2,3.347212,False,True,1
-0.04,4,3.347844,False,True,1
-0.03,3,3.34833,False,True,1
-0.04,4,3.348963,False,True,1
-0.01,1,3.349145,False,True,1
1.95,5,3.349934,False,True,3
1.9,10,3.351491,False,True,3
-0.02,2,3.351825,False,True,1
0.93,7,3.352915,False,True,2
-0.01,1,3.353093,False,True,1
-0.04,4,3.353729,False,True,1
-0.01,1,3.353906,False,True,1
-0.03,3,3.354395,False,True,1
-0.01,1,3.35457,False,True,1
-0.02,2,3.354907,False,True,1
-0.06,6,3.355849,False,True,1
-0.01,1,3.356029,False,True,1
-0.01,1,3.356208,False,True,1
-0.04,4,3.356844,False,True,1
-0.02,2,3.357177,False,True,1
1.95,5,3.357964,False,True,3
-0.03,3,3.358454,False,True,1
-0.03,3,3.358938,False,True,1
1.94,6,3.359877,False,True,3
-0.01,1,3.360056,False,True,1
-0.02,2,3.360388,False,True,1
-0.01,1,3.360567,False,True,1
-0.01,1,3.360741,False,True,1
-0.04,4,3.361379,False,True,1
-0.03,3,3.361863,False,True,1
-0.01,1,3.362044,False,True,1
-0.06,6,3.362981,False,True,1
-0.05,5,3.363763,False,True,1
0.97,3,3.364257,False,True,2
1.95,5,3.365044,False,True,3
-0.05,5,3.365838,False,True,1
-0.05,5,3.36663,False,True,1
-0.01,1,3.366811,False,True,1
-0.01,1,3.366986,False,True,1
-0.01,1,3.367169,False,True,1
-0.05,5,3.367963,False,True,1
-0.03,3,3.368449,False,True,1
-0.09,9,3.36984,False,True,1
-0.04,4,3.370477,False,True,1
-0.02,2,3.370816,False,True,1
-0.02,2,3.371148,False,True,1
-0.05,5,3.371931,False,True,1
-0.01,1,3.372113,False,True,1
-0.07,7,3.373196,False,True,1
-0.01,1,3.373376,False,True,1
1.93,7,3.374466,False,True,3
9.94,6,3.375414,True,False,5
-0.01,1,3.375594,False,True,1
-0.01,1,3.375773,False,True,1
-0.04,4,3.37641,False,True,1
-0.02,2,3.376747,False,True,1
-0.03,3,3.37723,False,True,1
-0.03,3,3.37771,False,True,1
-0.03,3,3.378193,False,True,1
-0.01,1,3.378372,False,True,1
1.95,5,3.379163,False,True,3
-0.01,1,3.379343,False,True,1
-0.05,5,3.380138,False,True,1
-0.02,2,3.380466,False,True,1
1.95,5,3.794075,False,True,3
-0.03,3,3.79467,False,True,1
-0.01,1,3.79487,False,True,1
-0.01,1,3.795062,False,True,1
-0.03,3,3.795572,False,True,1
-0.02,2,3.795918,False,True,1
-0.05,5,3.796736,False,True,1
-0.04,4,3.797388,False,True,1
-0.01,1,3.797574,False,True,1
-0.02,2,3.797927,False,True,1
-0.01,1,3.798121,False,True,1
1.93,7,3.799243,False,True,3
-0.02,2,3.799596,False,True,1
1.97,3,3.800093,False,True,3
1.97,3,3.800597,False,True,3
-0.05,5,3.801401,False,True,1
-0.01,1,3.801589,False,True,1
-0.03,3,3.802086,False,True,1
-0.09,9,3.803777,False,True,1
-0.03,3,3.804355,False,True,1
1.96,4,3.805056,False,True,3
-0.04,4,3.805748,False,True,1
-0.04,4,3.806415,False,True,1
-0.02,2,3.806761,False,True,1
-0.03,3,3.807271,False,True,1
-0.06,6,3.80823,False,True,1
-0.05,5,3.80904,False,True,1
-0.01,1,3.809223,False,True,1
-0.06,6,3.810186,False,True,1
-0.01,1,3.810375,False,True,1
-0.03,3,3.810867,False,True,1
-0.02,2,3.811206,False,True,1
1.96,4,3.811852,False,True,3
-0.04,4,3.8125,False,True,1
1.92,8,3.81377,False,True,3
1.97,3,3.814264,False,True,3
-0.03,3,3.81475,False,True,1
-0.06,6,3.815695,False,True,1
-0.01,1,3.815882,False,True,1
-0.01,1,3.816069,False,True,1
-0.03,3,3.816559,False,True,1
-0.01,1,3.816741,False,True,1
-0.01,1,3.816927,False,True,1
-0.02,2,3.817262,False,True,1
1.97,3,3.817753,False,True,3
-0.01,1,3.817932,False,True,1
-0.02,2,3.818266,False,True,1
-0.01,1,3.818447,False,True,1
-0.01,1,3.818638,False,True,1
-0.06,6,3.819591,False,True,1
9.94,6,3.820548,True,False,5
-0.02,2,3.820884,False,True,1
9.94,6,3.821825,True,False,5
-0.02,2,3.822162,False,True,1
-0.03,3,3.822641,False,True,1
9.94,6,3.823596,True,False,5
-0.05,5,3.824392,False,True,1
-0.01,1,3.82457,False,True,1
-0.05,5,3.82536,False,True,1
-0.02,2,3.825694,False,True,1
-0.04,4,3.826336,False,True,1
-0.06,6,3.827271,False,True,1
-0.01,1,3.827451,False,True,1
0.97,3,3.827937,False,True,2
-0.02,2,3.828269,False,True,1
1.97,3,3.828753,False,True,3
1.96,4,3.829395,False,True,3
-0.04,4,3.830037,False,True,1
-0.1,10,3.831582,False,True,1
9.92,8,3.832831,True,False,5
-0.06,6,3.833777,False,True,1
-0.02,2,3.834112,False,True,1
-0.02,2,3.834444,False,True,1
-0.03,3,3.834929,False,True,1
-0.01,1,3.835111,False,True,1
-0.01,1,3.835294,False,True,1
-0.02,2,3.835623,False,True,1
-0.02,2,3.835955,False,True,1
1.97,3,3.836439,False,True,3
-0.01,1,3.836615,False,True,1
1.93,7,3.837705,False,True,3
-0.03,3,3.838192,False,True,1
9.92,8,3.839437,True,False,5
-0.01,1,3.839616,False,True,1
1.93,7,3.840712,False,True,3
1.93,7,3.841813,False,True,3
-0.01,1,3.841996,False,True,1
-0.03,3,3.842481,False,True,1
1.96,4,3.843118,False,True,3
-0.03,3,3.843599,False,True,1
-0.05,5,3.844388,False,True,1
-0.03,3,3.844872,False,True,1
-0.01,1,3.845054,False,True,1
-0.06,6,3.845999,False,True,1
1.95,5,3.846795,False,True,3
-0.02,2,3.847127,False,True,1
-0.14,14,3.849255,False,True,1
-0.02,2,3.849594,False,True,1
-0.03,3,3.850076,False,True,1
1.97,3,3.850563,False,True,3
9.92,8,3.851803,True,False,5
-0.02,2,3.852136,False,True,1
9.84,16,3.854596,True,False,5
-0.01,1,3.854798,False,True,1
0.96,4,3.855432,False,True,2
-0.01,1,3.855614,False,True,1
-0.02,2,3.855946,False,True,1
-0.01,1,3.856133,False,True,1
-0.03,3,3.856623,False,True,1
-0.01,1,3.856807,False,True,1
-0.07,7,3.857895,False,True,1
-0.01,1,3.858081,False,True,1
-0.08,8,3.859323,False,True,1
-0.02,2,3.859661,False,True,1
-0.02,2,3.859992,False,True,1
-0.04,4,3.860629,False,True,1
1.95,5,3.861423,False,True,3
-0.01,1,3.861606,False,True,1
-0.04,4,3.862243,False,True,1
-0.03,3,3.862729,False,True,1
9.94,6,3.863682,True,False,5
-0.05,5,3.864469,False,True,1
9.89,11,3.866158,True,False,5
-0.02,2,3.866492,False,True,1
-0.03,3,3.866972,False,True,1
-0.04,4,3.867608,False,True,1
-0.04,4,3.868245,False,True,1
-0.03,3,3.868729,False,True,1
-0.02,2,3.869058,False,True,1
-0.02,2,3.869388,False,True,1
-0.04,4,3.870022,False,True,1
-0.01,1,3.870201,False,True,1
-0.02,2,3.870528,False,True,1
9.94,6,3.871545,True,False,5
-0.01,1,3.871728,False,True,1
-0.02,2,3.87206,False,True,1
-0.01,1,3.872239,False,True,1
-0.01,1,3.872416,False,True,1
-0.01,1,3.872593,False,True,1
-0.03,3,3.873072,False,True,1
-0.03,3,3.873548,False,True,1
-0.03,3,3.874036,False,True,1
-0.06,6,3.874965,False,True,1
-0.01,1,3.875148,False,True,1
-0.03,3,3.875631,False,True,1
1.95,5,3.876547,False,True,3
1.96,4,3.877195,False,True,3
-0.06,6,3.87814,False,True,1
1.88,12,3.879996,False,True,3
1.96,4,3.880638,False,True,3
1.96,4,3.881274,False,True,3
-0.06,6,3.882221,False,True,1
-0.06,6,3.883158,False,True,1
-0.02,2,3.883493,False,True,1
-0.01,1,3.883677,False,True,1
-0.05,5,3.884462,False,True,1
9.91,9,3.885865,True,False,5
-0.03,3,3.886357,False,True,1
-0.03,3,3.886836,False,True,1
-0.01,1,3.887014,False,True,1
-0.01,1,3.88719,False,True,1
-0.03,3,3.887677,False,True,1
-0.11,11,3.889358,False,True,1
-0.01,1,3.88954,False,True,1
-0.03,3,3.890025,False,True,1
-0.03,3,3.890509,False,True,1
-0.01,1,3.890689,False,True,1
1.94,6,3.89162,False,True,3
1.9,10,3.893166,False,True,3
-0.01,1,3.893347,False,True,1
-0.02,2,3.893678,False,True,1
-0.03,3,3.894164,False,True,1
-0.02,2,3.894496,False,True,1
-0.03,3,3.894982,False,True,1
-0.01,1,3.895161,False,True,1
9.92,8,3.896407,True,False,5
-0.01,1,3.896589,False,True,1
-0.02,2,3.896923,False,True,1
-0.02,2,3.897254,False,True,1
-0.02,2,3.897589,False,True,1
-0.03,3,3.898076,False,True,1
-0.03,3,3.898557,False,True,1
1.94,6,3.899496,False,True,3
-0.05,5,3.900283,False,True,1
9.88,12,3.902125,True,False,5
9.92,8,3.90337,True,False,5
-0.03,3,3.903852,False,True,1
-0.02,2,3.904187,False,True,1
-0.01,1,3.904369,False,True,1
-0.01,1,3.904544,False,True,1
1.96,4,3.905184,False,True,3
-0.02,2,3.905512,False,True,1
-0.11,11,3.907205,False,True,1
-0.03,3,3.907693,False,True,1
-0.01,1,3.907868,False,True,1
-0.03,3,3.908349,False,True,1
-0.01,1,3.908527,False,True,1
1.97,3,3.909013,False,True,3
1.93,7,3.910098,False,True,3
-0.04,4,3.910738,False,True,1
-0.02,2,3.911066,False,True,1
-0.01,1,3.911248,False,True,1
-0.06,6,3.912176,False,True,1
-0.03,3,3.912661,False,True,1
1.91,9,3.914045,False,True,3
-0.02,2,3.91438,False,True,1
-0.03,3,3.914864,False,True,1
-0.04,4,3.915499,False,True,1
-0.01,1,3.915674,False,True,1
-0.05,5,3.916577,False,True,1
-0.06,6,3.917579,False,True,1
-0.01,1,3.917768,False,True,1
1.94,6,3.918737,False,True,3
-0.02,2,3.919101,False,True,1
-0.01,1,3.919285,False,True,1
-0.05,5,3.920085,False,True,1
1.94,6,3.921039,False,True,3
-0.04,4,3.921685,False,True,1
-0.01,1,3.921867,False,True,1
-0.01,1,3.92205,False,True,1
-0.01,1,3.92223,False,True,1
-0.04,4,3.922874,False,True,1
1.96,4,3.923519,False,True,3
-0.03,3,3.924007,False,True,1
-0.03,3,3.924497,False,True,1
-0.02,2,3.924832,False,True,1
-0.03,3,3.925324,False,True,1
-0.04,4,3.92597,False,True,1
1.94,6,3.926924,False,True,3
-0.01,1,3.927108,False,True,1
-0.01,1,3.927291,False,True,1
1.97,3,3.92778,False,True,3
-0.01,1,3.927956,False,True,1
-0.04,4,3.928598,False,True,1
-0.04,4,3.929234,False,True,1
1.97,3,3.929724,False,True,3
-0.01,1,3.929901,False,True,1
-0.02,2,3.930239,False,True,1
-0.02,2,3.930574,False,True,1
-0.03,3,3.931059,False,True,1
-0.01,1,3.931236,False,True,1
-0.03,3,3.93172,False,True,1
-0.01,1,3.931901,False,True,1
-0.03,3,3.932389,False,True,1
-0.02,2,3.932719,False,True,1
1.97,3,3.933207,False,True,3
1.92,8,3.934462,False,True,3
-0.01,1,3.934646,False,True,1
9.92,8,3.935897,True,False,5
-0.02,2,3.936242,False,True,1
0.96,4,3.936884,False,True,2
1.95,5,3.937676,False,True,3
-0.01,1,3.937854,False,True,1
-0.01,1,3.93803,False,True,1
-0.02,2,3.93836,False,True,1
-0.01,1,3.938539,False,True,1
-0.03,3,3.939028,False,True,1
-0.01,1,3.939205,False,True,1
-0.01,1,3.939384,False,True,1
-0.01,1,3.939566,False,True,1
-0.02,2,3.939897,False,True,1
-0.04,4,3.940529,False,True,1
-0.01,1,3.940709,False,True,1
-0.02,2,3.941046,False,True,1
-0.01,1,3.941222,False,True,1
-0.09,9,3.942622,False,True,1
-0.05,5,3.943412,False,True,1
-0.03,3,3.943903,False,True,1
-0.01,1,3.944084,False,True,1
1.95,5,3.944873,False,True,3
-0.03,3,3.945356,False,True,1
-0.01,1,3.945536,False,True,1
-0.02,2,3.945875,False,True,1
-0.04,4,3.946508,False,True,1
-0.08,8,3.947756,False,True,1
1.97,3,3.948248,False,True,3
1.94,6,3.949196,False,True,3
-0.02,2,3.949531,False,True,1
-0.01,1,3.949708,False,True,1
-0.01,1,3.949891,False,True,1
-0.05,5,3.950672,False,True,1
-0.02,2,3.951003,False,True,1
-0.09,9,3.952392,False,True,1
-0.02,2,3.952727,False,True,1
-0.01,1,3.952902,False,True,1
-0.01,1,3.953082,False,True,1
1.97,3,3.953567,False,True,3
-0.02,2,3.953906,False,True,1
-0.01,1,3.954086,False,True,1
-0.03,3,3.954573,False,True,1
-0.03,3,3.955053,False,True,1
-0.03,3,3.955541,False,True,1
-0.01,1,3.955718,False,True,1
-0.02,2,3.956054,False,True,1
-0.02,2,3.956383,False,True,1
-0.01,1,3.956566,False,True,1
9.93,7,3.957732,True,False,5
1.87,13,3.95975,False,True,3
-0.01,1,3.95993,False,True,1
-0.03,3,3.960416,False,True,1
-0.02,2,3.960749,False,True,1
-0.02,2,3.961079,False,True,1
-0.01,1,3.961261,False,True,1
1.95,5,3.962049,False,True,3
1.95,5,3.962851,False,True,3
-0.02,2,3.963194,False,True,1
-0.02,2,3.963525,False,True,1
1.95,5,3.964309,False,True,3
-0.01,1,3.964492,False,True,1
1.93,7,3.965578,False,True,3
-0.03,3,3.966063,False,True,1
-0.03,3,3.966554,False,True,1
-0.01,1,3.96674,False,True,1
-0.02,2,3.967078,False,True,1
-0.03,3,3.967563,False,True,1
-0.02,2,3.967895,False,True,1
-0.01,1,3.968074,False,True,1
-0.01,1,3.968248,False,True,1
1.96,4,3.968879,False,True,3
-0.02,2,3.969214,False,True,1
-0.05,5,3.969993,False,True,1
-0.01,1,3.970175,False,True,1
9.95,5,3.970966,True,False,5
-0.07,7,3.972123,False,True,1
-0.05,5,3.972935,False,True,1
-0.05,5,3.973733,False,True,1
-0.07,7,3.97483,False,True,1
-0.03,3,3.975322,False,True,1
-0.03,3,3.975804,False,True,1
-0.02,2,3.97614,False,True,1
1.91,9,3.977532,False,True,3
-0.05,5,3.978326,False,True,1
-0.01,1,3.978504,False,True,1
-0.02,2,3.978837,False,True,1
-0.04,4,3.979475,False,True,1
9.86,14,3.981633,True,False,5
-0.01,1,3.981818,False,True,1
-0.06,6,3.982753,False,True,1
-0.04,4,3.983394,False,True,1
9.91,9,3.984797,True,False,5
-0.03,3,3.985282,False,True,1
-0.02,2,3.985616,False,True,1
1.96,4,3.986257,False,True,3
-0.05,5,3.987043,False,True,1
-0.01,1,3.987223,False,True,1
9.92,8,3.988469,True,False,5
-0.04,4,3.989104,False,True,1
-0.03,3,3.98959,False,True,1
-0.03,3,3.99007,False,True,1
1.94,6,3.991013,False,True,3
-0.01,1,3.991194,False,True,1
-0.01,1,3.991373,False,True,1
1.96,4,3.992018,False,True,3
-0.01,1,3.992198,False,True,1
1.92,8,3.993439,False,True,3
-0.02,2,3.993771,False,True,1
-0.01,1,3.993956,False,True,1
-0.01,1,3.994131,False,True,1
-0.04,4,3.994766,False,True,1
-0.01,1,3.994946,False,True,1
-0.03,3,3.995429,False,True,1
1.95,5,3.99622,False,True,3
-0.03,3,3.996706,False,True,1
9.91,9,3.998097,True,False,5
-0.03,3,3.998582,False,True,1
-0.01,1,3.998759,False,True,1
-0.01,1,3.998933,False,True,1
1.97,3,3.999417,False,True,3
0.97,3,3.999906,False,True,2
1.93,7,4.000995,False,True,3
-0.01,1,4.001174,False,True,1
-0.02,2,4.001504,False,True,1
-0.01,1,4.001691,False,True,1
-0.01,1,4.001876,False,True,1
-0.02,2,4.002208,False,True,1
-0.01,1,4.002384,False,True,1
-0.06,6,4.003322,False,True,1
-0.01,1,4.003507,False,True,1
-0.02,2,4.003843,False,True,1
-0.04,4,4.00448,False,True,1
-0.02,2,4.004813,False,True,1
-0.02,2,4.005142,False,True,1
-0.01,1,4.00532,False,True,1
-0.05,5,4.006109,False,True,1
-0.1,10,4.007651,False,True,1
-0.01,1,4.007833,False,True,1
1.91,9,4.009228,False,True,3
-0.03,3,4.009716,False,True,1
1.88,12,4.011571,False,True,3
-0.03,3,4.012062,False,True,1
-0.01,1,4.012239,False,True,1
-0.02,2,4.012567,False,True,1
-0.04,4,4.013201,False,True,1
-0.01,1,4.013379,False,True,1
-0.04,4,4.014013,False,True,1
-0.04,4,4.014648,False,True,1
-0.01,1,4.014837,False,True,1
-0.03,3,4.015324,False,True,1
-0.03,3,4.015804,False,True,1
-0.01,1,4.015983,False,True,1
-0.01,1,4.016158,False,True,1
-0.01,1,4.016335,False,True,1
1.94,6,4.017271,False,True,3
1.95,5,4.018062,False,True,3
-0.02,2,4.018393,False,True,1
-0.02,2,4.018726,False,True,1
-0.03,3,4.019209,False,True,1
-0.02,2,4.019539,False,True,1
-0.02,2,4.019868,False,True,1
-0.01,1,4.020046,False,True,1
-0.01,1,4.020228,False,True,1
-0.06,6,4.021168,False,True,1
-0.03,3,4.021655,False,True,1
1.96,4,4.022299,False,True,3
-0.03,3,4.022781,False,True,1
-0.01,1,4.022957,False,True,1
-0.01,1,4.023133,False,True,1
1.94,6,4.024066,False,True,3
-0.01,1,4.024244,False,True,1
1.94,6,4.025183,False,True,3
-0.01,1,4.025381,False,True,1
-0.05,5,4.026168,False,True,1
-0.02,2,4.026498,False,True,1
-0.04,4,4.027128,False,True,1
-0.02,2,4.027453,False,True,1
-0.03,3,4.027934,False,True,1
-0.04,4,4.028567,False,True,1
1.94,6,4.029509,False,True,3
1.96,4,4.030147,False,True,3
-0.03,3,4.03063,False,True,1
9.92,8,4.031879,True,False,5
-0.02,2,4.032213,False,True,1
-0.01,1,4.032394,False,True,1
9.94,6,4.033334,True,False,5
-0.04,4,4.033968,False,True,1
-0.03,3,4.034456,False,True,1
-0.01,1,4.034638,False,True,1
-0.03,3,4.035122,False,True,1
-0.08,8,4.036363,False,True,1
1.94,6,4.037309,False,True,3
-0.08,8,4.038549,False,True,1
-0.01,1,4.038732,False,True,1
9.9,10,4.040273,True,False,5
-0.01,1,4.040454,False,True,1
-0.03,3,4.040935,False,True,1
-0.02,2,4.041268,False,True,1
-0.07,7,4.042366,False,True,1
-0.02,2,4.042695,False,True,1
-0.05,5,4.043484,False,True,1
-0.05,5,4.044268,False,True,1
-0.05,5,4.045056,False,True,1
-0.04,4,4.045696,False,True,1
-0.11,11,4.047379,False,True,1
-0.01,1,4.04756,False,True,1
-0.05,5,4.048346,False,True,1
-0.05,5,4.049139,False,True,1
-0.01,1,4.049317,False,True,1
-0.02,2,4.04965,False,True,1
1.96,4,4.050287,False,True,3
-0.01,1,4.05047,False,True,1
-0.01,1,4.050645,False,True,1
-0.01,1,4.050823,False,True,1
1.93,7,4.051921,False,True,3
-0.02,2,4.052254,False,True,1
-0.01,1,4.052433,False,True,1
-0.03,3,4.052914,False,True,1
-0.05,5,4.053708,False,True,1
-0.04,4,4.054338,False,True,1
-0.12,12,4.056182,False,True,1
-0.01,1,4.056363,False,True,1
-0.02,2,4.056696,False,True,1
-0.01,1,4.056879,False,True,1
-0.03,3,4.057366,False,True,1
-0.04,4,4.058001,False,True,1
1.96,4,4.058647,False,True,3
-0.02,2,4.058973,False,True,1
9.92,8,4.060223,True,False,5
1.93,7,4.061313,False,True,3
-0.02,2,4.06165,False,True,1
-0.02,2,4.061984,False,True,1
-0.02,2,4.06231,False,True,1
-0.07,7,4.063397,False,True,1
1.93,7,4.064486,False,True,3
-0.01,1,4.06467,False,True,1
1.96,4,4.065309,False,True,3
-0.01,1,4.065484,False,True,1
-0.04,4,4.066118,False,True,1
-0.04,4,4.06675,False,True,1
-0.01,1,4.066933,False,True,1
-0.01,1,4.067115,False,True,1
-0.03,3,4.067607,False,True,1
-0.03,3,4.068092,False,True,1
-0.01,1,4.068269,False,True,1
-0.03,3,4.068748,False,True,1
-0.02,2,4.069074,False,True,1
-0.01,1,4.069257,False,True,1
-0.01,1,4.069433,False,True,1
-0.01,1,4.069611,False,True,1
1.96,4,4.070248,False,True,3
1.94,6,4.071184,False,True,3
1.96,4,4.071828,False,True,3
-0.01,1,4.072006,False,True,1
-0.02,2,4.072338,False,True,1
-0.01,1,4.072513,False,True,1
-0.02,2,4.072844,False,True,1
-0.03,3,4.073329,False,True,1
-0.03,3,4.073815,False,True,1
-0.01,1,4.073993,False,True,1
-0.04,4,4.074621,False,True,1
-0.01,1,4.0748,False,True,1
-0.06,6,4.075738,False,True,1
-0.02,2,4.076079,False,True,1
-0.01,1,4.076259,False,True,1
-0.01,1,4.076442,False,True,1
9.85,15,4.07874,True,False,5
-0.02,2,4.079077,False,True,1
-0.02,2,4.079411,False,True,1
-0.02,2,4.079743,False,True,1
-0.1,10,4.081275,False,True,1
-0.01,1,4.081454,False,True,1
-0.01,1,4.081632,False,True,1
0.95,5,4.082426,False,True,2
1.94,6,4.083371,False,True,3
-0.06,6,4.084306,False,True,1
-0.03,3,4.084787,False,True,1
-0.07,7,4.089488,False,True,1
-0.03,3,4.090022,False,True,1
-0.02,2,4.090375,False,True,1
-0.01,1,4.090566,False,True,1
-0.02,2,4.090908,False,True,1
-0.02,2,4.09125,False,True,1
1.94,6,4.092223,False,True,3
-0.05,5,4.093055,False,True,1
-0.02,2,4.093393,False,True,1
-0.05,5,4.09419,False,True,1
1.94,6,4.095147,False,True,3
9.92,8,4.096409,True,False,5
0.94,6,4.097366,False,True,2
-0.02,2,4.097702,False,True,1
-0.05,5,4.098516,False,True,1
-0.01,1,4.098697,False,True,1
-0.02,2,4.099032,False,True,1
1.95,5,4.09983,False,True,3
-0.01,1,4.100015,False,True,1
1.92,8,4.10126,False,True,3
-0.02,2,4.101591,False,True,1
-0.01,1,4.101771,False,True,1
1.96,4,4.102429,False,True,3
-0.01,1,4.102609,False,True,1
-0.02,2,4.102941,False,True,1
9.93,7,4.104043,True,False,5
2.93,7,4.105142,False,True,4
0.96,4,4.10578,False,True,2
-0.01,1,4.105967,False,True,1
-0.05,5,4.106772,False,True,1
1.96,4,4.107439,False,True,3
-0.04,4,4.108081,False,True,1
-0.01,1,4.108264,False,True,1
-0.05,5,4.109054,False,True,1
-0.05,5,4.109865,False,True,1
-0.02,2,4.110198,False,True,1
1.95,5,4.11099,False,True,3
-0.02,2,4.111332,False,True,1
-0.01,1,4.11151,False,True,1
-0.02,2,4.111842,False,True,1
-0.01,1,4.112021,False,True,1
-0.01,1,4.112198,False,True,1
1.89,11,4.113919,False,True,3
-0.05,5,4.114712,False,True,1
-0.03,3,4.1152,False,True,1
-0.03,3,4.115688,False,True,1
1.93,7,4.116786,False,True,3
-0.01,1,4.116966,False,True,1
-0.02,2,4.1173,False,True,1
-0.02,2,4.117631,False,True,1
-0.01,1,4.117811,False,True,1
-0.01,1,4.117991,False,True,1
-0.01,1,4.118169,False,True,1
-0.02,2,4.118498,False,True,1
-0.02,2,4.118827,False,True,1
-0.01,1,4.119005,False,True,1
1.97,3,4.119491,False,True,3
1.93,7,4.120595,False,True,3
-0.01,1,4.120774,False,True,1
-0.01,1,4.120948,False,True,1
1.96,4,4.121583,False,True,3
-0.04,4,4.12222,False,True,1
-0.01,1,4.1224,False,True,1
-0.02,2,4.122728,False,True,1
-0.02,2,4.123057,False,True,1
-0.04,4,4.123688,False,True,1
-0.07,7,4.12477,False,True,1
-0.07,7,4.125859,False,True,1
1.96,4,4.126499,False,True,3
-0.01,1,4.126677,False,True,1
-0.02,2,4.127007,False,True,1
-0.02,2,4.127335,False,True,1
-0.01,1,4.127514,False,True,1
