environment,algorithm,training_seed,speed_scale,success_rate,avg_reward,avg_max_row,road_collision_rate,drowning_rate,timeout_rate
v9,ppo,0,0.8,0.5,9.2142,7.36,0.33,0.17,0.0
v9,ppo,0,1.0,0.5,9.224899999999998,7.36,0.31,0.19,0.0
v9,ppo,0,1.2,0.34,7.957999999999997,7.04,0.45,0.21,0.0
v9,ppo,0,1.4,0.32,7.742900000000001,6.96,0.57,0.11,0.0
v9,ppo,1,0.8,0.43,8.541699999999999,7.11,0.39,0.18,0.0
v9,ppo,1,1.0,0.38,8.0379,7.0,0.39,0.21,0.02
v9,ppo,1,1.2,0.29,7.289899999999998,6.73,0.55,0.15,0.01
v9,ppo,1,1.4,0.25,6.691900000000003,6.4,0.53,0.2,0.02
v9,ppo,2,0.8,0.54,9.337200000000005,7.23,0.33,0.13,0.0
v9,ppo,2,1.0,0.57,9.6905,7.41,0.21,0.22,0.0
v9,ppo,2,1.2,0.46,8.865299999999998,7.24,0.38,0.16,0.0
v9,ppo,2,1.4,0.33,7.390499999999999,6.54,0.51,0.16,0.0
v9,ppo,3,0.8,0.51,9.228,7.32,0.32,0.17,0.0
v9,ppo,3,1.0,0.56,9.6878,7.47,0.32,0.12,0.0
v9,ppo,3,1.2,0.42,8.411500000000004,7.02,0.43,0.15,0.0
v9,ppo,3,1.4,0.3,7.328500000000004,6.66,0.5,0.2,0.0
v9,ppo,4,0.8,0.47,8.5524,6.9,0.37,0.16,0.0
v9,ppo,4,1.0,0.49,8.9781,7.25,0.31,0.19,0.01
v9,ppo,4,1.2,0.42,8.429699999999999,7.07,0.42,0.16,0.0
v9,ppo,4,1.4,0.19,5.947500000000004,5.93,0.55,0.26,0.0
v9,trpo,0,0.8,0.63,10.3815,7.79,0.17,0.2,0.0
v9,trpo,0,1.0,0.57,9.970600000000005,7.79,0.25,0.17,0.01
v9,trpo,0,1.2,0.5,9.096600000000004,7.27,0.29,0.21,0.0
v9,trpo,0,1.4,0.34,7.554300000000004,6.85,0.4,0.23,0.03
v9,trpo,1,0.8,0.39,8.1347,6.93,0.39,0.22,0.0
v9,trpo,1,1.0,0.39,8.146800000000002,6.93,0.39,0.22,0.0
v9,trpo,1,1.2,0.35,7.682200000000002,6.71,0.44,0.21,0.0
v9,trpo,1,1.4,0.31,7.1895999999999995,6.45,0.47,0.22,0.0
v9,trpo,2,0.8,0.57,9.661000000000003,7.52,0.19,0.22,0.02
v9,trpo,2,1.0,0.53,9.310900000000006,7.44,0.22,0.22,0.03
v9,trpo,2,1.2,0.47,9.007300000000006,7.35,0.34,0.19,0.0
v9,trpo,2,1.4,0.33,7.896600000000002,7.07,0.42,0.25,0.0
v9,trpo,3,0.8,0.41,8.202200000000003,6.87,0.38,0.21,0.0
v9,trpo,3,1.0,0.47,8.847800000000005,7.16,0.34,0.19,0.0
v9,trpo,3,1.2,0.33,7.6951,6.85,0.51,0.16,0.0
v9,trpo,3,1.4,0.26,6.866700000000002,6.43,0.51,0.23,0.0
v9,trpo,4,0.8,0.42,8.425199999999998,7.06,0.38,0.2,0.0
v9,trpo,4,1.0,0.49,8.972300000000002,7.18,0.28,0.23,0.0
v9,trpo,4,1.2,0.38,8.072500000000002,6.94,0.38,0.24,0.0
v9,trpo,4,1.4,0.19,5.987800000000004,6.03,0.51,0.29,0.01
v9,dqn,0,0.8,0.52,8.962700000000003,6.98,0.29,0.19,0.0
v9,dqn,0,1.0,0.51,8.905999999999999,7.0,0.31,0.18,0.0
v9,dqn,0,1.2,0.37,7.530400000000001,6.45,0.42,0.21,0.0
v9,dqn,0,1.4,0.35,7.365900000000006,6.39,0.42,0.23,0.0
v9,dqn,1,0.8,0.55,9.5309,7.47,0.32,0.11,0.02
v9,dqn,1,1.0,0.47,8.6873,7.1,0.35,0.16,0.02
v9,dqn,1,1.2,0.37,7.747499999999998,6.7,0.36,0.26,0.01
v9,dqn,1,1.4,0.28,6.6979999999999995,6.27,0.44,0.25,0.03
v9,dqn,2,0.8,0.41,7.943800000000002,6.69,0.36,0.21,0.02
v9,dqn,2,1.0,0.42,8.169199999999998,6.85,0.4,0.16,0.02
v9,dqn,2,1.2,0.33,7.196999999999998,6.36,0.41,0.25,0.01
v9,dqn,2,1.4,0.3,6.878299999999999,6.32,0.43,0.24,0.03
v9,dqn,3,0.8,0.63,10.005000000000004,7.64,0.17,0.16,0.04
v9,dqn,3,1.0,0.56,9.474500000000008,7.51,0.2,0.2,0.04
v9,dqn,3,1.2,0.45,8.316200000000004,6.9,0.31,0.22,0.02
v9,dqn,3,1.4,0.38,7.576600000000005,6.64,0.41,0.18,0.03
v9,dqn,4,0.8,0.4,7.920900000000005,6.66,0.34,0.26,0.0
v9,dqn,4,1.0,0.36,7.456100000000001,6.48,0.4,0.23,0.01
v9,dqn,4,1.2,0.33,7.177099999999999,6.32,0.38,0.29,0.0
v9,dqn,4,1.4,0.24,6.241400000000002,5.9,0.39,0.37,0.0
v9,qrdqn,0,0.8,0.34,7.563399999999998,6.86,0.36,0.28,0.02
v9,qrdqn,0,1.0,0.24,6.649700000000004,6.48,0.42,0.33,0.01
v9,qrdqn,0,1.2,0.26,6.4699,6.15,0.4,0.33,0.01
v9,qrdqn,0,1.4,0.28,6.8986,6.49,0.39,0.32,0.01
v9,qrdqn,1,0.8,0.31,7.091700000000003,6.74,0.45,0.19,0.05
v9,qrdqn,1,1.0,0.33,7.1338000000000035,6.57,0.37,0.27,0.03
v9,qrdqn,1,1.2,0.14,5.429000000000005,5.88,0.51,0.34,0.01
v9,qrdqn,1,1.4,0.25,6.351700000000005,6.3,0.42,0.29,0.04
v9,qrdqn,2,0.8,0.34,7.385100000000008,6.58,0.36,0.3,0.0
v9,qrdqn,2,1.0,0.37,7.702900000000007,6.73,0.38,0.25,0.0
v9,qrdqn,2,1.2,0.28,6.666300000000003,6.21,0.43,0.29,0.0
v9,qrdqn,2,1.4,0.28,6.952800000000001,6.46,0.41,0.31,0.0
v9,qrdqn,3,0.8,0.35,7.339500000000006,6.65,0.35,0.26,0.04
v9,qrdqn,3,1.0,0.41,7.638900000000006,6.7,0.23,0.3,0.06
v9,qrdqn,3,1.2,0.35,7.0176000000000025,6.36,0.21,0.4,0.04
v9,qrdqn,3,1.4,0.3,6.405000000000008,6.21,0.3,0.33,0.07
v9,qrdqn,4,0.8,0.27,6.341800000000002,6.27,0.45,0.21,0.07
v9,qrdqn,4,1.0,0.33,6.789800000000005,6.46,0.37,0.21,0.09
v9,qrdqn,4,1.2,0.33,6.292500000000003,6.34,0.41,0.09,0.17
v9,qrdqn,4,1.4,0.24,5.933500000000006,6.29,0.46,0.18,0.12
v10,ppo,0,0.8,0.52,9.224800000000002,7.27,0.29,0.19,0.0
v10,ppo,0,1.0,0.54,9.8033,7.72,0.26,0.2,0.0
v10,ppo,0,1.2,0.45,8.8813,7.33,0.34,0.21,0.0
v10,ppo,0,1.4,0.29,7.1793000000000005,6.56,0.48,0.23,0.0
v10,ppo,1,0.8,0.46,8.619500000000002,7.05,0.36,0.17,0.01
v10,ppo,1,1.0,0.45,8.603000000000003,7.04,0.38,0.17,0.0
v10,ppo,1,1.2,0.42,8.394799999999998,7.05,0.43,0.14,0.01
v10,ppo,1,1.4,0.27,6.766800000000002,6.27,0.56,0.17,0.0
v10,ppo,2,0.8,0.48,8.799900000000001,7.06,0.32,0.2,0.0
v10,ppo,2,1.0,0.49,9.083800000000002,7.27,0.36,0.15,0.0
v10,ppo,2,1.2,0.36,7.817099999999999,6.76,0.47,0.17,0.0
v10,ppo,2,1.4,0.28,7.069300000000001,6.54,0.48,0.23,0.01
v10,ppo,3,0.8,0.48,8.9464,7.2,0.36,0.16,0.0
v10,ppo,3,1.0,0.41,8.2909,7.0,0.4,0.18,0.01
v10,ppo,3,1.2,0.41,8.482599999999998,7.15,0.47,0.12,0.0
v10,ppo,3,1.4,0.32,7.7299,6.92,0.52,0.16,0.0
v10,ppo,4,0.8,0.51,9.210900000000004,7.39,0.3,0.18,0.01
v10,ppo,4,1.0,0.54,9.345400000000003,7.38,0.29,0.15,0.02
v10,ppo,4,1.2,0.48,8.869500000000007,7.26,0.34,0.16,0.02
v10,ppo,4,1.4,0.33,7.438700000000004,6.61,0.42,0.25,0.0
v10,trpo,0,0.8,0.62,9.990200000000003,7.46,0.22,0.16,0.0
v10,trpo,0,1.0,0.57,9.721400000000004,7.49,0.22,0.21,0.0
v10,trpo,0,1.2,0.46,8.648300000000003,7.11,0.24,0.29,0.01
v10,trpo,0,1.4,0.36,7.6213,6.69,0.39,0.24,0.01
v10,trpo,1,0.8,0.5,9.161700000000002,7.34,0.38,0.12,0.0
v10,trpo,1,1.0,0.48,8.661200000000001,7.08,0.29,0.2,0.03
v10,trpo,1,1.2,0.37,7.6998,6.67,0.4,0.22,0.01
v10,trpo,1,1.4,0.29,6.978800000000003,6.38,0.43,0.28,0.0
v10,trpo,2,0.8,0.5,9.113200000000008,7.38,0.35,0.13,0.02
v10,trpo,2,1.0,0.53,9.512900000000004,7.49,0.32,0.15,0.0
v10,trpo,2,1.2,0.4,8.167,6.98,0.39,0.2,0.01
v10,trpo,2,1.4,0.29,6.993400000000001,6.47,0.38,0.32,0.01
v10,trpo,3,0.8,0.47,8.844500000000004,7.24,0.39,0.13,0.01
v10,trpo,3,1.0,0.48,8.7995,7.19,0.37,0.13,0.02
v10,trpo,3,1.2,0.39,8.202,7.08,0.38,0.22,0.01
v10,trpo,3,1.4,0.29,6.775800000000004,6.4,0.42,0.25,0.04
v10,trpo,4,0.8,0.49,9.074200000000008,7.32,0.41,0.1,0.0
v10,trpo,4,1.0,0.61,10.263000000000003,7.76,0.28,0.11,0.0
v10,trpo,4,1.2,0.46,8.977699999999997,7.41,0.37,0.16,0.01
v10,trpo,4,1.4,0.33,7.366600000000001,6.54,0.39,0.28,0.0
v10,dqn,0,0.8,0.31,6.820400000000002,6.08,0.44,0.25,0.0
v10,dqn,0,1.0,0.39,7.583000000000002,6.36,0.41,0.2,0.0
v10,dqn,0,1.2,0.31,7.0503,6.35,0.34,0.34,0.01
v10,dqn,0,1.4,0.19,5.904900000000002,5.87,0.46,0.35,0.0
v10,dqn,1,0.8,0.38,7.7223000000000015,6.66,0.37,0.23,0.02
v10,dqn,1,1.0,0.41,8.184500000000002,6.85,0.32,0.27,0.0
v10,dqn,1,1.2,0.29,6.926599999999996,6.3,0.46,0.25,0.0
v10,dqn,1,1.4,0.29,6.918899999999997,6.29,0.45,0.26,0.0
v10,dqn,2,0.8,0.57,9.619000000000009,7.37,0.26,0.17,0.0
v10,dqn,2,1.0,0.58,9.6754,7.41,0.21,0.2,0.01
v10,dqn,2,1.2,0.46,8.2729,6.83,0.36,0.15,0.03
v10,dqn,2,1.4,0.35,7.186900000000003,6.44,0.41,0.2,0.04
v10,dqn,3,0.8,0.69,10.6829,7.71,0.19,0.12,0.0
v10,dqn,3,1.0,0.62,10.0806,7.52,0.22,0.16,0.0
v10,dqn,3,1.2,0.54,9.465800000000003,7.41,0.36,0.1,0.0
v10,dqn,3,1.4,0.44,8.433200000000001,6.98,0.38,0.18,0.0
v10,dqn,4,0.8,0.43,8.081600000000002,6.76,0.26,0.29,0.02
v10,dqn,4,1.0,0.24,6.361700000000002,6.08,0.34,0.42,0.0
v10,dqn,4,1.2,0.29,6.647100000000005,6.08,0.31,0.4,0.0
v10,dqn,4,1.4,0.21,5.832100000000002,5.77,0.44,0.34,0.01
v10,qrdqn,0,0.8,0.3,6.827200000000002,6.36,0.3,0.4,0.0
v10,qrdqn,0,1.0,0.28,6.429700000000009,6.22,0.39,0.3,0.03
v10,qrdqn,0,1.2,0.21,5.483800000000003,5.86,0.37,0.34,0.08
v10,qrdqn,0,1.4,0.24,5.9340000000000055,6.07,0.41,0.29,0.06
v10,qrdqn,1,0.8,0.35,7.675200000000003,6.83,0.41,0.24,0.0
v10,qrdqn,1,1.0,0.36,7.813000000000005,6.95,0.51,0.13,0.0
v10,qrdqn,1,1.2,0.37,7.755800000000006,6.98,0.45,0.15,0.03
v10,qrdqn,1,1.4,0.3,6.9305000000000065,6.72,0.49,0.16,0.05
v10,qrdqn,2,0.8,0.27,6.236900000000009,6.13,0.39,0.31,0.03
v10,qrdqn,2,1.0,0.21,5.605800000000005,5.94,0.51,0.22,0.06
v10,qrdqn,2,1.2,0.21,5.908800000000005,6.23,0.44,0.3,0.05
v10,qrdqn,2,1.4,0.26,6.509900000000012,6.42,0.52,0.2,0.02
v10,qrdqn,3,0.8,0.47,8.457900000000006,6.88,0.29,0.24,0.0
v10,qrdqn,3,1.0,0.45,8.485700000000005,7.04,0.3,0.25,0.0
v10,qrdqn,3,1.2,0.3,6.844500000000003,6.28,0.41,0.29,0.0
v10,qrdqn,3,1.4,0.29,6.7355000000000045,6.25,0.38,0.33,0.0
v10,qrdqn,4,0.8,0.51,9.075100000000004,7.27,0.32,0.17,0.0
v10,qrdqn,4,1.0,0.52,9.127000000000006,7.25,0.28,0.2,0.0
v10,qrdqn,4,1.2,0.37,7.4790000000000045,6.65,0.31,0.29,0.03
v10,qrdqn,4,1.4,0.39,7.781300000000007,6.74,0.3,0.3,0.01
