train_env,eval_env,algorithm,training_seed,checkpoint_steps,episodes,success_rate,collision_rate,road_collision_rate,drowning_rate,timeout_rate,avg_reward,avg_steps,avg_max_row,wait_pct,forward_pct,backward_pct,left_pct,right_pct,model_path
v8,v9,ppo,0,1000000,100,0.04,0.32,0.21,0.11,0.64,-1.5610999999999973,69.11,2.45,0.7955433367095934,0.0761105484010997,0.1053393141368832,0.021270438431486,0.0017363623209376,results/runs/v8/ppo_seed0/final_model
v8,v9,ppo,1,1000000,100,0.22,0.77,0.5,0.27,0.01,5.8239,9.61,5.64,0.413111342351717,0.586888657648283,0.0,0.0,0.0,results/runs/v8/ppo_seed1/final_model
v8,v9,ppo,2,1000000,100,0.09,0.91,0.3,0.61,0.0,3.4637000000000024,5.63,3.98,0.0088809946714031,0.738898756660746,0.0923623445825932,0.1385435168738898,0.0213143872113676,results/runs/v8/ppo_seed2/final_model
v8,v9,ppo,3,1000000,100,0.17,0.75,0.44,0.31,0.08,4.353599999999999,18.64,4.84,0.5026824034334764,0.2945278969957081,0.1121244635193133,0.0584763948497854,0.0321888412017167,results/runs/v8/ppo_seed3/final_model
v8,v9,ppo,4,1000000,100,0.03,0.51,0.3,0.21,0.46,-0.5875999999999977,53.76,2.61,0.9200148809523808,0.0485491071428571,0.0,0.0269717261904761,0.0044642857142857,results/runs/v8/ppo_seed4/final_model
v8,v9,trpo,0,1000000,100,0.19,0.81,0.47,0.34,0.0,5.6308000000000025,13.92,5.63,0.444683908045977,0.444683908045977,0.1106321839080459,0.0,0.0,results/runs/v8/trpo_seed0/final_model
v8,v9,trpo,1,1000000,100,0.11,0.87,0.52,0.35,0.02,4.560000000000001,14.0,5.12,0.6278571428571429,0.3671428571428571,0.005,0.0,0.0,results/runs/v8/trpo_seed1/final_model
v8,v9,trpo,2,1000000,100,0.09,0.91,0.31,0.6,0.0,3.532699999999999,9.73,4.09,0.4809866392600205,0.4203494347379239,0.0,0.0030832476875642,0.0955806783144912,results/runs/v8/trpo_seed2/final_model
v8,v9,trpo,3,1000000,100,0.13,0.87,0.54,0.33,0.0,4.491200000000001,7.88,4.79,0.3337563451776649,0.6218274111675127,0.0304568527918781,0.0012690355329949,0.0126903553299492,results/runs/v8/trpo_seed3/final_model
v8,v9,trpo,4,1000000,100,0.18,0.82,0.59,0.23,0.0,5.835499999999997,10.45,5.86,0.2526315789473684,0.5645933014354066,0.0066985645933014,0.1119617224880382,0.0641148325358851,results/runs/v8/trpo_seed4/final_model
v8,v9,dqn,0,1000000,100,0.04,0.79,0.35,0.44,0.17,1.5637000000000023,23.63,3.24,0.1570038087177317,0.1527719001269572,0.0173508252221752,0.5598815065594583,0.1129919593736775,results/runs/v8/dqn_seed0/final_model
v8,v9,dqn,1,1000000,100,0.04,0.91,0.46,0.45,0.05,1.6014000000000013,23.86,2.8,0.2296730930427493,0.1492036881810561,0.2611064543168482,0.2070410729253981,0.152975691533948,results/runs/v8/dqn_seed1/final_model
v8,v9,dqn,2,1000000,100,0.0,0.26,0.01,0.25,0.74,-3.770499999999999,89.05,1.08,0.19606962380685,0.0170690623245367,0.1032004491858506,0.6424480628860191,0.0412128017967434,results/runs/v8/dqn_seed2/final_model
v8,v9,dqn,3,1000000,100,0.01,0.85,0.33,0.52,0.14,1.1583000000000012,26.17,2.92,0.2136033626289644,0.161253343523118,0.0542606037447458,0.2930836836071838,0.2777990064959877,results/runs/v8/dqn_seed3/final_model
v8,v9,dqn,4,1000000,100,0.01,0.54,0.25,0.29,0.45,-0.8382999999999974,62.83,2.53,0.209613242081808,0.0751233487187649,0.0749641890816489,0.4220913576317046,0.2182078624860735,results/runs/v8/dqn_seed4/final_model
v8,v9,qrdqn,0,1000000,100,0.02,0.65,0.26,0.39,0.33,0.1173000000000005,39.27,2.71,0.1599185128596893,0.0756302521008403,0.0094219505984211,0.0313216195569136,0.7237076648841355,results/runs/v8/qrdqn_50q_seed0/final_model
v8,v9,qrdqn,1,1000000,100,0.01,0.6,0.24,0.36,0.39,-0.6100999999999968,71.01,2.6,0.1925080974510632,0.0430925221799746,0.140261934938741,0.4985213350232361,0.1256161104069849,results/runs/v8/qrdqn_50q_seed1/final_model
v8,v9,qrdqn,2,1000000,100,0.0,0.28,0.2,0.08,0.72,-3.3938,76.38,1.25,0.1334118879287771,0.0441214977742864,0.0811730819586279,0.5247446975648076,0.2165488347735009,results/runs/v8/qrdqn_50q_seed2/final_model
v8,v9,qrdqn,3,1000000,100,0.01,0.65,0.21,0.44,0.34,-0.7001999999999995,46.02,2.06,0.1310299869621903,0.1051716644936983,0.3215993046501521,0.1981747066492829,0.2440243372446762,results/runs/v8/qrdqn_50q_seed3/final_model
v8,v9,qrdqn,4,1000000,100,0.0,0.16,0.12,0.04,0.84,-4.8404,93.04,0.45,0.0483662940670679,0.0068787618228718,0.3926268271711092,0.3302880481513328,0.2218400687876182,results/runs/v8/qrdqn_50q_seed4/final_model
v9,v8,ppo,0,1000000,100,0.61,0.39,0.08,0.31,0.0,10.1751,12.49,7.64,0.2457966373098478,0.6124899919935949,0.044035228182546,0.0400320256204963,0.0576461168935148,results/runs/v9/ppo_seed0/final_model
v9,v8,ppo,1,1000000,100,0.7,0.3,0.04,0.26,0.0,11.004900000000005,15.51,7.96,0.1528046421663443,0.513217279174726,0.0,0.1618310767246937,0.172147001934236,results/runs/v9/ppo_seed1/final_model
v9,v8,ppo,2,1000000,100,0.82,0.18,0.01,0.17,0.0,12.322899999999995,13.71,8.54,0.1480671043034281,0.6229029905178701,0.0386579139314369,0.0970094821298322,0.0933625091174325,results/runs/v9/ppo_seed2/final_model
v9,v8,ppo,3,1000000,100,0.65,0.34,0.11,0.23,0.01,10.3127,13.73,7.59,0.1973780043699927,0.5557174071376547,0.0029133284777858,0.1136198106336489,0.1303714493809177,results/runs/v9/ppo_seed3/final_model
v9,v8,ppo,4,1000000,100,0.73,0.27,0.07,0.2,0.0,11.230800000000002,14.92,8.0,0.1293565683646112,0.5361930294906166,0.0,0.1809651474530831,0.153485254691689,results/runs/v9/ppo_seed4/final_model
v9,v8,trpo,0,1000000,100,0.81,0.19,0.0,0.19,0.0,12.157399999999994,18.26,8.48,0.5306681270536692,0.4644030668127054,0.0,0.0,0.0049288061336254,results/runs/v9/trpo_seed0/final_model
v9,v8,trpo,1,1000000,100,0.5,0.49,0.04,0.45,0.01,8.94,17.0,7.15,0.5752941176470588,0.4205882352941176,0.0,0.0029411764705882,0.0011764705882352,results/runs/v9/trpo_seed1/final_model
v9,v8,trpo,2,1000000,100,0.86,0.14,0.0,0.14,0.0,12.5372,24.28,8.62,0.6400329489291599,0.3550247116968698,0.0,0.0,0.0049423393739703,results/runs/v9/trpo_seed2/final_model
v9,v8,trpo,3,1000000,100,0.77,0.21,0.0,0.21,0.02,11.605599999999995,25.44,8.32,0.6155660377358491,0.3270440251572327,0.0,0.0334119496855345,0.0239779874213836,results/runs/v9/trpo_seed3/final_model
v9,v8,trpo,4,1000000,100,0.87,0.13,0.0,0.13,0.0,12.710400000000003,20.96,8.7,0.5849236641221374,0.4150763358778626,0.0,0.0,0.0,results/runs/v9/trpo_seed4/final_model
v9,v8,dqn,0,1000000,100,0.76,0.24,0.2,0.04,0.0,11.0803,9.97,7.62,0.0150451354062186,0.7642928786359077,0.0441323971915747,0.0601805416248746,0.1163490471414242,results/runs/v9/dqn_seed0/final_model
v9,v8,dqn,1,1000000,100,0.87,0.13,0.07,0.06,0.0,12.549500000000007,11.05,8.44,0.0199095022624434,0.7638009049773755,0.0443438914027149,0.0633484162895927,0.1085972850678733,results/runs/v9/dqn_seed1/final_model
v9,v8,dqn,2,1000000,100,0.65,0.35,0.18,0.17,0.0,10.1843,9.57,7.38,0.0417972831765935,0.7711598746081505,0.0,0.0564263322884012,0.1306165099268547,results/runs/v9/dqn_seed2/final_model
v9,v8,dqn,3,1000000,100,0.86,0.14,0.14,0.0,0.0,12.191500000000003,10.85,8.14,0.0221198156682027,0.7502304147465437,0.0433179723502304,0.0663594470046083,0.1179723502304147,results/runs/v9/dqn_seed3/final_model
v9,v8,dqn,4,1000000,100,0.66,0.34,0.17,0.17,0.0,10.304,9.6,7.44,0.0510416666666666,0.775,0.0,0.053125,0.1208333333333333,results/runs/v9/dqn_seed4/final_model
v9,v8,qrdqn,0,1000000,100,0.6,0.33,0.18,0.15,0.07,8.920700000000004,19.93,6.8,0.2127446061214249,0.3662819869543401,0.0582037129954841,0.0531861515303562,0.3095835423983943,results/runs/v9/qrdqn_50q_seed0/final_model
v9,v8,qrdqn,1,1000000,100,0.44,0.56,0.3,0.26,0.0,7.747800000000004,17.22,6.28,0.289198606271777,0.4587688734030197,0.2044134727061556,0.0,0.0476190476190476,results/runs/v9/qrdqn_50q_seed1/final_model
v9,v8,qrdqn,2,1000000,100,0.4,0.59,0.32,0.27,0.01,7.420600000000003,11.94,6.18,0.1448911222780569,0.541038525963149,0.02428810720268,0.0686767169179229,0.2211055276381909,results/runs/v9/qrdqn_50q_seed2/final_model
v9,v8,qrdqn,3,1000000,100,0.75,0.25,0.2,0.05,0.0,10.976200000000004,14.38,7.62,0.0,0.5299026425591099,0.0368567454798331,0.0097357440890125,0.4235048678720445,results/runs/v9/qrdqn_50q_seed3/final_model
v9,v8,qrdqn,4,1000000,100,0.48,0.52,0.35,0.17,0.0,7.962700000000004,21.73,6.3,0.0032213529682466,0.3460653474459272,0.1040036815462494,0.0069028992176714,0.5398067188219052,results/runs/v9/qrdqn_50q_seed4/final_model
