algorithm,training_seed,checkpoint_steps,evaluation_episodes,eval_seed_start,successes,success_rate,collisions,collision_rate,timeouts,timeout_rate,avg_reward,avg_episode_length,avg_max_row,avg_success_episode_length,avg_failure_episode_length,wait_pct,forward_pct,backward_pct,left_pct,right_pct,collision_row_1,collision_row_3,model_path,environment
a2c,0,200000,100,1000,12,0.12,88,0.88,0,0.0,1.6405999999999998,1.94,1.94,5.0,1.5227272727272727,0.0,1.0,0.0,0.0,0.0,65,23,results/runs/a2c_seed0/checkpoints/a2c_seed0_200000_steps,v3
a2c,0,400000,100,1000,12,0.12,88,0.88,0,0.0,1.6405999999999998,1.94,1.94,5.0,1.5227272727272727,0.0,1.0,0.0,0.0,0.0,65,23,results/runs/a2c_seed0/checkpoints/a2c_seed0_400000_steps,v3
a2c,0,600000,100,1000,12,0.12,88,0.88,0,0.0,1.6405999999999998,1.94,1.94,5.0,1.5227272727272727,0.0,1.0,0.0,0.0,0.0,65,23,results/runs/a2c_seed0/checkpoints/a2c_seed0_600000_steps,v3
a2c,0,800000,100,1000,12,0.12,88,0.88,0,0.0,1.6405999999999998,1.94,1.94,5.0,1.5227272727272727,0.0,1.0,0.0,0.0,0.0,65,23,results/runs/a2c_seed0/checkpoints/a2c_seed0_800000_steps,v3
a2c,0,1000000,100,1000,12,0.12,88,0.88,0,0.0,1.6405999999999998,1.94,1.94,5.0,1.5227272727272727,0.0,1.0,0.0,0.0,0.0,65,23,results/runs/a2c_seed0/final_model,v3
dqn,0,200000,100,1000,0,0.0,0,0.0,100,1.0,-5.5,50.0,0.0,0.0,50.0,0.2478,0.0,0.3074,0.0,0.4448,0,0,results/runs/dqn_seed0/checkpoints/dqn_seed0_200000_steps,v3
dqn,1,200000,100,1000,0,0.0,0,0.0,100,1.0,-5.5,50.0,0.0,0.0,50.0,0.7488,0.0,0.185,0.0306,0.0356,0,0,results/runs/dqn_seed1/checkpoints/dqn_seed1_200000_steps,v3
dqn,2,200000,100,1000,0,0.0,0,0.0,100,1.0,-5.5,50.0,0.0,0.0,50.0,0.0464,0.0,0.4538,0.0018,0.498,0,0,results/runs/dqn_seed2/checkpoints/dqn_seed2_200000_steps,v3
dqn,3,200000,100,1000,0,0.0,0,0.0,100,1.0,-5.5,50.0,0.0,0.0,50.0,0.0476,0.0,0.088,0.0,0.8644,0,0,results/runs/dqn_seed3/checkpoints/dqn_seed3_200000_steps,v3
dqn,4,200000,100,1000,0,0.0,0,0.0,100,1.0,-5.5,50.0,0.0,0.0,50.0,0.016,0.0,0.0,0.0,0.984,0,0,results/runs/dqn_seed4/checkpoints/dqn_seed4_200000_steps,v3
dqn,0,400000,100,1000,0,0.0,0,0.0,100,1.0,-5.5,50.0,0.0,0.0,50.0,0.0,0.0,0.0276,0.0,0.9724,0,0,results/runs/dqn_seed0/checkpoints/dqn_seed0_400000_steps,v3
dqn,1,400000,100,1000,0,0.0,0,0.0,100,1.0,-5.5,50.0,0.0,0.0,50.0,0.4692,0.0,0.5308,0.0,0.0,0,0,results/runs/dqn_seed1/checkpoints/dqn_seed1_400000_steps,v3
dqn,2,400000,100,1000,0,0.0,0,0.0,100,1.0,-5.5,50.0,0.0,0.0,50.0,0.0,0.0,0.0,0.2534,0.7466,0,0,results/runs/dqn_seed2/checkpoints/dqn_seed2_400000_steps,v3
dqn,3,400000,100,1000,0,0.0,0,0.0,100,1.0,-5.5,50.0,0.0,0.0,50.0,0.3646,0.0,0.6138,0.0214,0.0002,0,0,results/runs/dqn_seed3/checkpoints/dqn_seed3_400000_steps,v3
dqn,4,400000,100,1000,0,0.0,0,0.0,100,1.0,-5.5,50.0,0.0,0.0,50.0,0.5922,0.0,0.3288,0.0226,0.0564,0,0,results/runs/dqn_seed4/checkpoints/dqn_seed4_400000_steps,v3
dqn,0,600000,100,1000,0,0.0,0,0.0,100,1.0,-5.5,50.0,0.0,0.0,50.0,0.0,0.0,0.0,0.9828,0.0172,0,0,results/runs/dqn_seed0/checkpoints/dqn_seed0_600000_steps,v3
dqn,1,600000,100,1000,0,0.0,0,0.0,100,1.0,-5.5,50.0,0.0,0.0,50.0,0.3262,0.0,0.6738,0.0,0.0,0,0,results/runs/dqn_seed1/checkpoints/dqn_seed1_600000_steps,v3
dqn,2,600000,100,1000,0,0.0,0,0.0,100,1.0,-5.5,50.0,0.0,0.0,50.0,0.4096,0.0,0.4428,0.0782,0.0694,0,0,results/runs/dqn_seed2/checkpoints/dqn_seed2_600000_steps,v3
dqn,3,600000,100,1000,0,0.0,0,0.0,100,1.0,-5.5,50.0,0.0,0.0,50.0,0.929,0.0,0.0022,0.0,0.0688,0,0,results/runs/dqn_seed3/checkpoints/dqn_seed3_600000_steps,v3
dqn,4,600000,100,1000,0,0.0,0,0.0,100,1.0,-5.5,50.0,0.0,0.0,50.0,0.0626,0.0,0.4558,0.0,0.4816,0,0,results/runs/dqn_seed4/checkpoints/dqn_seed4_600000_steps,v3
dqn,0,800000,100,1000,0,0.0,0,0.0,100,1.0,-5.5,50.0,0.0,0.0,50.0,0.0,0.0,0.0,1.0,0.0,0,0,results/runs/dqn_seed0/checkpoints/dqn_seed0_800000_steps,v3
dqn,1,800000,100,1000,0,0.0,0,0.0,100,1.0,-5.5,50.0,0.0,0.0,50.0,0.187,0.0,0.2618,0.5512,0.0,0,0,results/runs/dqn_seed1/checkpoints/dqn_seed1_800000_steps,v3
dqn,2,800000,100,1000,0,0.0,0,0.0,100,1.0,-5.5,50.0,0.0,0.0,50.0,0.947,0.0,0.053,0.0,0.0,0,0,results/runs/dqn_seed2/checkpoints/dqn_seed2_800000_steps,v3
dqn,3,800000,100,1000,0,0.0,0,0.0,100,1.0,-5.5,50.0,0.0,0.0,50.0,0.657,0.0,0.0024,0.0,0.3406,0,0,results/runs/dqn_seed3/checkpoints/dqn_seed3_800000_steps,v3
dqn,4,800000,100,1000,0,0.0,37,0.37,63,0.63,-2.4525,40.25,1.47,0.0,40.25,0.2906832298136646,0.0365217391304347,0.1468322981366459,0.3207453416149068,0.2052173913043478,37,0,results/runs/dqn_seed4/checkpoints/dqn_seed4_800000_steps,v3
dqn,0,1000000,100,1000,0,0.0,0,0.0,100,1.0,-5.5,50.0,0.0,0.0,50.0,0.153,0.0,0.0,0.1386,0.7084,0,0,results/runs/dqn_seed0/final_model,v3
dqn,1,1000000,100,1000,0,0.0,0,0.0,100,1.0,-5.5,50.0,0.0,0.0,50.0,0.027,0.0,0.0314,0.9416,0.0,0,0,results/runs/dqn_seed1/final_model,v3
dqn,2,1000000,100,1000,0,0.0,0,0.0,100,1.0,-5.5,50.0,0.0,0.0,50.0,0.0,0.0,0.0,0.0,1.0,0,0,results/runs/dqn_seed2/final_model,v3
dqn,3,1000000,100,1000,0,0.0,0,0.0,100,1.0,-5.5,50.0,0.0,0.0,50.0,0.0218,0.0,0.0462,0.0,0.932,0,0,results/runs/dqn_seed3/final_model,v3
dqn,4,1000000,100,1000,0,0.0,21,0.21,79,0.79,-3.308300000000002,43.83,1.29,0.0,43.83,0.5507643166780744,0.02943189596167,0.0857859913301391,0.002053388090349,0.3319644079397673,21,0,results/runs/dqn_seed4/final_model,v3
ppo,0,200000,100,1000,34,0.34,66,0.66,0,0.0,4.5242999999999975,7.57,3.56,9.352941176470589,6.651515151515151,0.1505944517833553,0.4715984147952444,0.2892998678996037,0.0,0.0885072655217965,6,60,results/runs/ppo_seed0/checkpoints/ppo_seed0_200000_steps,v3
ppo,1,200000,100,1000,37,0.37,63,0.63,0,0.0,4.798699999999998,8.13,3.66,9.486486486486486,7.333333333333333,0.1365313653136531,0.4501845018450184,0.3308733087330873,0.0,0.082410824108241,4,59,results/runs/ppo_seed1/checkpoints/ppo_seed1_200000_steps,v3
ppo,2,200000,100,1000,19,0.19,81,0.81,0,0.0,2.6320000000000014,2.8,2.52,5.368421052631579,2.197530864197531,0.075,0.9,0.025,0.0,0.0,43,38,results/runs/ppo_seed2/checkpoints/ppo_seed2_200000_steps,v3
ppo,3,200000,100,1000,19,0.19,81,0.81,0,0.0,2.650900000000001,2.91,2.54,5.368421052631579,2.3333333333333335,0.0103092783505154,0.872852233676976,0.1168384879725085,0.0,0.0,42,39,results/runs/ppo_seed3/checkpoints/ppo_seed3_200000_steps,v3
ppo,4,200000,100,1000,22,0.22,78,0.78,0,0.0,2.968200000000002,3.18,2.68,6.2272727272727275,2.3205128205128207,0.110062893081761,0.8427672955974843,0.0345911949685534,0.0,0.0125786163522012,38,40,results/runs/ppo_seed4/checkpoints/ppo_seed4_200000_steps,v3
ppo,0,400000,100,1000,44,0.44,56,0.56,0,0.0,5.303599999999999,13.64,3.8,14.909090909090908,12.642857142857142,0.1700879765395894,0.2793255131964809,0.3233137829912023,0.0916422287390029,0.1356304985337243,4,52,results/runs/ppo_seed0/checkpoints/ppo_seed0_400000_steps,v3
ppo,1,400000,100,1000,53,0.53,46,0.46,1,0.01,5.9815000000000005,12.85,3.97,13.90566037735849,11.659574468085106,0.1361867704280155,0.3089494163424124,0.3089494163424124,0.0957198443579766,0.1501945525291828,3,43,results/runs/ppo_seed1/checkpoints/ppo_seed1_400000_steps,v3
ppo,2,400000,100,1000,19,0.19,81,0.81,0,0.0,2.6901000000000015,2.99,2.58,5.368421052631579,2.432098765432099,0.1003344481605351,0.862876254180602,0.0267558528428093,0.0,0.0100334448160535,40,41,results/runs/ppo_seed2/checkpoints/ppo_seed2_400000_steps,v3
ppo,3,400000,100,1000,19,0.19,81,0.81,0,0.0,2.6305000000000005,2.95,2.52,5.526315789473684,2.345679012345679,0.0,0.8610169491525423,0.1389830508474576,0.0,0.0,43,38,results/runs/ppo_seed3/checkpoints/ppo_seed3_400000_steps,v3
ppo,4,400000,100,1000,22,0.22,78,0.78,0,0.0,3.0881000000000007,5.19,2.82,8.227272727272727,4.333333333333333,0.2947976878612717,0.5433526011560693,0.0828516377649325,0.0,0.0789980732177264,31,47,results/runs/ppo_seed4/checkpoints/ppo_seed4_400000_steps,v3
ppo,0,600000,100,1000,49,0.49,51,0.51,0,0.0,5.653900000000002,12.61,3.84,12.653061224489797,12.568627450980392,0.1332275971451229,0.3053132434575734,0.2616970658207772,0.1292624900872323,0.1704996034892942,7,44,results/runs/ppo_seed0/checkpoints/ppo_seed0_600000_steps,v3
ppo,1,600000,100,1000,67,0.67,31,0.31,2,0.02,6.929000000000005,17.1,4.16,15.313432835820896,20.727272727272727,0.0964912280701754,0.2432748538011696,0.1982456140350877,0.2210526315789473,0.2409356725146199,6,25,results/runs/ppo_seed1/checkpoints/ppo_seed1_600000_steps,v3
ppo,2,600000,100,1000,23,0.23,77,0.77,0,0.0,3.081900000000002,3.81,2.74,6.956521739130435,2.8701298701298703,0.1601049868766404,0.7191601049868767,0.0682414698162729,0.0,0.0524934383202099,36,41,results/runs/ppo_seed2/checkpoints/ppo_seed2_600000_steps,v3
ppo,3,600000,100,1000,19,0.19,81,0.81,0,0.0,2.608700000000001,3.13,2.5,6.105263157894737,2.432098765432099,0.0127795527156549,0.8274760383386581,0.1597444089456869,0.0,0.0,44,37,results/runs/ppo_seed3/checkpoints/ppo_seed3_600000_steps,v3
ppo,4,600000,100,1000,51,0.51,49,0.49,0,0.0,5.869400000000001,13.06,3.94,14.823529411764708,11.224489795918368,0.3943338437978561,0.3016845329249617,0.1401225114854517,0.0543644716692189,0.1094946401225114,4,45,results/runs/ppo_seed4/checkpoints/ppo_seed4_600000_steps,v3
ppo,0,800000,100,1000,60,0.6,40,0.4,0,0.0,6.566999999999999,13.3,4.1,12.966666666666669,13.8,0.1646616541353383,0.3082706766917293,0.2481203007518796,0.1195488721804511,0.1593984962406015,5,35,results/runs/ppo_seed0/checkpoints/ppo_seed0_800000_steps,v3
ppo,1,800000,100,1000,75,0.75,25,0.25,0,0.0,7.806899999999996,13.31,4.44,12.426666666666666,15.96,0.0803906836964688,0.3335837716003005,0.1427498121712997,0.2148760330578512,0.2283996994740796,3,22,results/runs/ppo_seed1/checkpoints/ppo_seed1_800000_steps,v3
ppo,2,800000,100,1000,29,0.29,71,0.71,0,0.0,3.557500000000002,6.25,2.88,10.172413793103448,4.647887323943662,0.2384,0.4608,0.2384,0.0,0.0624,35,36,results/runs/ppo_seed2/checkpoints/ppo_seed2_800000_steps,v3
ppo,3,800000,100,1000,19,0.19,81,0.81,0,0.0,2.6496000000000004,3.04,2.54,5.526315789473684,2.45679012345679,0.0,0.8552631578947368,0.1447368421052631,0.0,0.0,42,39,results/runs/ppo_seed3/checkpoints/ppo_seed3_800000_steps,v3
ppo,4,800000,100,1000,55,0.55,43,0.43,2,0.02,6.083000000000002,12.7,3.99,13.2,12.088888888888889,0.3173228346456693,0.3141732283464566,0.1779527559055118,0.0708661417322834,0.1196850393700787,3,40,results/runs/ppo_seed4/checkpoints/ppo_seed4_800000_steps,v3
ppo,0,1000000,100,1000,73,0.73,26,0.26,1,0.01,7.613199999999997,13.68,4.41,12.63013698630137,16.51851851851852,0.131578947368421,0.3223684210526316,0.2280701754385964,0.1469298245614035,0.1710526315789473,3,23,results/runs/ppo_seed0/final_model,v3
ppo,1,1000000,100,1000,78,0.78,21,0.21,1,0.01,7.9831,13.69,4.48,12.461538461538462,18.045454545454547,0.0891161431701972,0.3272461650840029,0.0942293644996347,0.2483564645726808,0.2410518626734843,3,18,results/runs/ppo_seed1/final_model,v3
ppo,2,1000000,100,1000,51,0.51,48,0.48,1,0.01,5.8664999999999985,16.35,4.01,17.607843137254903,15.040816326530612,0.3125382262996942,0.2452599388379205,0.3602446483180428,0.0140672782874617,0.0678899082568807,1,47,results/runs/ppo_seed2/final_model,v3
ppo,3,1000000,100,1000,18,0.18,82,0.82,0,0.0,2.549,3.1,2.5,5.722222222222222,2.524390243902439,0.0,0.8354838709677419,0.164516129032258,0.0,0.0,43,39,results/runs/ppo_seed3/final_model,v3
ppo,4,1000000,100,1000,69,0.69,28,0.28,3,0.03,7.1560000000000015,15.4,4.29,14.81159420289855,16.70967741935484,0.262987012987013,0.2785714285714286,0.1733766233766233,0.1227272727272727,0.1623376623376623,2,26,results/runs/ppo_seed4/final_model,v3
qrdqn,0,200000,100,1000,19,0.19,67,0.67,14,0.14,1.5315999999999994,12.84,2.08,9.894736842105264,13.530864197530864,0.4618380062305296,0.1619937694704049,0.1627725856697819,0.0498442367601246,0.1635514018691588,44,23,results/runs/qrdqn_50q_seed0/checkpoints/qrdqn_50q_seed0_200000_steps,v3
qrdqn,1,200000,100,1000,14,0.14,70,0.7,16,0.16,0.9893999999999996,23.06,2.02,18.0,23.88372093023256,0.3898525585429315,0.0875975715524718,0.1530789245446661,0.0576756287944492,0.3117953165654814,40,30,results/runs/qrdqn_50q_seed1/checkpoints/qrdqn_50q_seed1_200000_steps,v3
qrdqn,2,200000,100,1000,0,0.0,42,0.42,58,0.58,-2.5124,35.24,1.16,0.0,35.24,0.1095346197502837,0.0329171396140749,0.4985811577752554,0.0675368898978433,0.2914301929625426,41,1,results/runs/qrdqn_50q_seed2/checkpoints/qrdqn_50q_seed2_200000_steps,v3
qrdqn,3,200000,100,1000,15,0.15,37,0.37,48,0.48,-0.4312999999999999,38.13,1.97,32.333333333333336,39.15294117647059,0.2315761867296092,0.051665355363231,0.2766850249147652,0.1450301599790191,0.2950432730133753,15,22,results/runs/qrdqn_50q_seed3/checkpoints/qrdqn_50q_seed3_200000_steps,v3
qrdqn,4,200000,100,1000,3,0.03,22,0.22,75,0.75,-3.6563,43.63,0.6,41.333333333333336,43.70103092783505,0.137520055008022,0.0137520055008022,0.0930552372220948,0.3738253495301398,0.3818473527389411,15,7,results/runs/qrdqn_50q_seed4/checkpoints/qrdqn_50q_seed4_200000_steps,v3
qrdqn,0,400000,100,1000,36,0.36,64,0.64,0,0.0,4.631900000000002,12.81,3.6,12.444444444444445,13.015625,0.3614363778298204,0.2810304449648712,0.0031225604996096,0.1678376268540203,0.1865729898516784,6,58,results/runs/qrdqn_50q_seed0/checkpoints/qrdqn_50q_seed0_400000_steps,v3
qrdqn,1,400000,100,1000,49,0.49,48,0.48,3,0.03,5.221099999999999,18.89,3.59,19.653061224489797,18.15686274509804,0.270513499205929,0.1900476442562202,0.0005293806246691,0.0211752249867654,0.5177342509264161,18,30,results/runs/qrdqn_50q_seed1/checkpoints/qrdqn_50q_seed1_400000_steps,v3
qrdqn,2,400000,100,1000,32,0.32,66,0.66,2,0.02,3.503600000000002,17.64,2.84,31.625,11.058823529411764,0.3140589569160997,0.1609977324263038,0.0022675736961451,0.0017006802721088,0.5209750566893424,40,26,results/runs/qrdqn_50q_seed2/checkpoints/qrdqn_50q_seed2_400000_steps,v3
qrdqn,3,400000,100,1000,45,0.45,55,0.55,0,0.0,5.087800000000002,15.22,3.54,16.066666666666666,14.527272727272727,0.2917214191852825,0.2325886990801577,0.0026281208935611,0.0078843626806833,0.4651773981603154,18,37,results/runs/qrdqn_50q_seed3/checkpoints/qrdqn_50q_seed3_400000_steps,v3
qrdqn,4,400000,100,1000,43,0.43,50,0.5,7,0.07,4.4066,26.34,3.37,29.32558139534884,24.087719298245613,0.218299164768413,0.1279422930903568,0.0463173880030372,0.0170842824601366,0.5903568716780562,20,30,results/runs/qrdqn_50q_seed4/checkpoints/qrdqn_50q_seed4_400000_steps,v3
qrdqn,0,600000,100,1000,47,0.47,53,0.53,0,0.0,5.301199999999999,13.88,3.62,14.148936170212766,13.641509433962264,0.1484149855907781,0.3105187319884726,0.100864553314121,0.2168587896253602,0.223342939481268,16,37,results/runs/qrdqn_50q_seed0/checkpoints/qrdqn_50q_seed0_600000_steps,v3
qrdqn,1,600000,100,1000,69,0.69,30,0.3,1,0.01,7.0254999999999965,11.45,4.04,11.333333333333334,11.709677419354838,0.0497816593886462,0.3606986899563318,0.074235807860262,0.0008733624454148,0.514410480349345,16,14,results/runs/qrdqn_50q_seed1/checkpoints/qrdqn_50q_seed1_600000_steps,v3
qrdqn,2,600000,100,1000,58,0.58,41,0.41,1,0.01,6.053499999999998,13.65,3.75,13.344827586206897,14.071428571428571,0.0380952380952381,0.2747252747252747,0.041025641025641,0.0212454212454212,0.6249084249084249,19,22,results/runs/qrdqn_50q_seed2/checkpoints/qrdqn_50q_seed2_600000_steps,v3
qrdqn,3,600000,100,1000,43,0.43,54,0.54,3,0.03,4.6146,17.54,3.33,20.186046511627907,15.543859649122806,0.1088939566704675,0.2269099201824401,0.1436716077537058,0.0393386545039908,0.4811858608893957,22,32,results/runs/qrdqn_50q_seed3/checkpoints/qrdqn_50q_seed3_600000_steps,v3
qrdqn,4,600000,100,1000,82,0.82,18,0.18,0,0.0,8.120299999999995,11.97,4.32,11.975609756097562,11.944444444444445,0.0200501253132832,0.3609022556390977,0.0175438596491228,0.0041771094402673,0.5973266499582289,16,2,results/runs/qrdqn_50q_seed4/checkpoints/qrdqn_50q_seed4_600000_steps,v3
qrdqn,0,800000,100,1000,84,0.84,15,0.15,1,0.01,8.403299999999998,14.67,4.55,14.654761904761903,14.75,0.065439672801636,0.3237900477164281,0.0429447852760736,0.2167689161554192,0.3510565780504431,6,9,results/runs/qrdqn_50q_seed0/checkpoints/qrdqn_50q_seed0_800000_steps,v3
qrdqn,1,800000,100,1000,73,0.73,26,0.26,1,0.01,7.284999999999993,10.5,4.05,10.767123287671232,9.77777777777778,0.0542857142857142,0.3895238095238095,0.1038095238095238,0.02,0.4323809523809523,20,6,results/runs/qrdqn_50q_seed1/checkpoints/qrdqn_50q_seed1_800000_steps,v3
qrdqn,2,800000,100,1000,72,0.72,28,0.28,0,0.0,7.190799999999996,10.92,3.98,11.569444444444445,9.25,0.0128205128205128,0.3644688644688644,0.0238095238095238,0.0109890109890109,0.5879120879120879,23,5,results/runs/qrdqn_50q_seed2/checkpoints/qrdqn_50q_seed2_800000_steps,v3
qrdqn,3,800000,100,1000,82,0.82,18,0.18,0,0.0,8.136599999999994,12.34,4.34,11.585365853658535,15.77777777777778,0.0251215559157212,0.3541329011345219,0.0680713128038897,0.0,0.5526742301458671,15,3,results/runs/qrdqn_50q_seed3/checkpoints/qrdqn_50q_seed3_800000_steps,v3
qrdqn,4,800000,100,1000,78,0.78,22,0.22,0,0.0,7.8232999999999935,11.67,4.26,11.525641025641026,12.181818181818182,0.0119965724078834,0.365038560411311,0.0437017994858611,0.0102827763496143,0.5689802913453299,15,7,results/runs/qrdqn_50q_seed4/checkpoints/qrdqn_50q_seed4_800000_steps,v3
qrdqn,0,1000000,100,1000,87,0.87,13,0.13,0,0.0,8.687899999999996,11.21,4.58,11.137931034482758,11.692307692307692,0.0749330954504906,0.4103479036574487,0.0124888492417484,0.159678858162355,0.3425512934879571,8,5,results/runs/qrdqn_50q_seed0/final_model,v3
qrdqn,1,1000000,100,1000,83,0.83,15,0.15,2,0.02,8.244499999999995,12.55,4.47,11.518072289156626,17.58823529411765,0.1091633466135458,0.3585657370517928,0.147410358565737,0.0191235059760956,0.3657370517928286,8,7,results/runs/qrdqn_50q_seed1/final_model,v3
qrdqn,2,1000000,100,1000,86,0.86,13,0.13,1,0.01,8.537099999999995,13.29,4.55,11.895348837209305,21.857142857142858,0.1166290443942814,0.3423626787057938,0.0489089541008276,0.0135440180586907,0.4785553047404063,7,6,results/runs/qrdqn_50q_seed2/final_model,v3
qrdqn,3,1000000,100,1000,78,0.78,22,0.22,0,0.0,7.731199999999994,10.88,4.16,11.08974358974359,10.136363636363637,0.03125,0.3860294117647059,0.1277573529411764,0.015625,0.4393382352941176,20,2,results/runs/qrdqn_50q_seed3/final_model,v3
qrdqn,4,1000000,100,1000,75,0.75,24,0.24,1,0.01,7.522599999999994,11.74,4.18,11.12,13.6,0.0613287904599659,0.3568994889267461,0.0187393526405451,0.0059625212947189,0.5570698466780238,15,9,results/runs/qrdqn_50q_seed4/final_model,v3
trpo,0,200000,100,1000,48,0.48,51,0.51,1,0.01,5.609899999999999,12.01,3.89,14.083333333333334,10.096153846153848,0.1199000832639467,0.3238967527060782,0.4396336386344712,0.0274771024146544,0.0890924229808493,2,49,results/runs/trpo_seed0/checkpoints/trpo_seed0_200000_steps,v3
trpo,1,200000,100,1000,46,0.46,53,0.53,1,0.01,5.433299999999998,11.67,3.83,13.630434782608695,10.0,0.3830334190231362,0.3281919451585261,0.2373607540702656,0.0,0.0514138817480719,3,50,results/runs/trpo_seed1/checkpoints/trpo_seed1_200000_steps,v3
trpo,2,200000,100,1000,53,0.53,42,0.42,5,0.05,5.4712,17.88,3.67,15.69811320754717,20.340425531914892,0.7046979865771812,0.2052572706935123,0.0900447427293064,0.0,0.0,12,30,results/runs/trpo_seed2/checkpoints/trpo_seed2_200000_steps,v3
trpo,3,200000,100,1000,60,0.6,35,0.35,5,0.05,6.133900000000001,15.61,3.89,13.583333333333334,18.65,0.2773862908392056,0.2491992312620115,0.4734144778987828,0.0,0.0,8,27,results/runs/trpo_seed3/checkpoints/trpo_seed3_200000_steps,v3
trpo,4,200000,100,1000,64,0.64,34,0.34,2,0.02,6.5844,19.56,4.02,18.25,21.88888888888889,0.2627811860940695,0.2060327198364008,0.5311860940695297,0.0,0.0,10,24,results/runs/trpo_seed4/checkpoints/trpo_seed4_200000_steps,v3
trpo,0,400000,100,1000,62,0.62,38,0.38,0,0.0,6.773000000000003,12.7,4.18,13.5,11.394736842105264,0.1622047244094488,0.3291338582677165,0.347244094488189,0.0574803149606299,0.1039370078740157,3,35,results/runs/trpo_seed0/checkpoints/trpo_seed0_400000_steps,v3
trpo,1,400000,100,1000,60,0.6,38,0.38,2,0.02,6.365200000000001,17.48,4.02,17.7,17.15,0.3169336384439359,0.2311212814645309,0.3975972540045767,0.0,0.0543478260869565,6,32,results/runs/trpo_seed1/checkpoints/trpo_seed1_400000_steps,v3
trpo,2,400000,100,1000,70,0.7,24,0.24,6,0.06,6.830700000000002,18.93,4.06,16.957142857142856,23.533333333333335,0.7363972530375066,0.2144743792921289,0.0491283676703645,0.0,0.0,8,16,results/runs/trpo_seed2/checkpoints/trpo_seed2_400000_steps,v3
trpo,3,400000,100,1000,64,0.64,35,0.35,1,0.01,6.619300000000001,15.07,3.97,12.96875,18.805555555555557,0.3271400132714001,0.2634372926343729,0.4094226940942269,0.0,0.0,14,21,results/runs/trpo_seed3/checkpoints/trpo_seed3_400000_steps,v3
trpo,4,400000,100,1000,71,0.71,27,0.27,2,0.02,7.191200000000001,18.88,4.2,16.845070422535212,23.86206896551724,0.0,0.222457627118644,0.777542372881356,0.0,0.0,8,19,results/runs/trpo_seed4/checkpoints/trpo_seed4_400000_steps,v3
trpo,0,600000,100,1000,63,0.63,35,0.35,2,0.02,6.778800000000003,14.12,4.22,13.793650793650794,14.675675675675675,0.2811614730878187,0.2988668555240793,0.2386685552407932,0.0708215297450425,0.1104815864022662,1,34,results/runs/trpo_seed0/checkpoints/trpo_seed0_600000_steps,v3
trpo,1,600000,100,1000,74,0.74,24,0.24,2,0.02,7.4918,17.82,4.31,16.135135135135137,22.615384615384617,0.3922558922558922,0.2485970819304152,0.3052749719416386,0.0,0.0538720538720538,7,17,results/runs/trpo_seed1/checkpoints/trpo_seed1_600000_steps,v3
trpo,2,600000,100,1000,72,0.72,21,0.21,7,0.07,7.011400000000001,20.86,4.18,17.416666666666668,29.714285714285715,0.5848513902205177,0.2003835091083413,0.2147651006711409,0.0,0.0,4,17,results/runs/trpo_seed2/checkpoints/trpo_seed2_600000_steps,v3
trpo,3,600000,100,1000,79,0.79,19,0.19,2,0.02,7.8843,17.57,4.4,15.49367088607595,25.38095238095238,0.1627774615822424,0.2504268639726807,0.5867956744450769,0.0,0.0,6,13,results/runs/trpo_seed3/checkpoints/trpo_seed3_600000_steps,v3
trpo,4,600000,100,1000,73,0.73,27,0.27,0,0.0,7.514200000000001,16.58,4.3,14.383561643835616,22.51851851851852,0.0,0.2593486127864897,0.7406513872135102,0.0,0.0,8,19,results/runs/trpo_seed4/checkpoints/trpo_seed4_600000_steps,v3
trpo,0,800000,100,1000,65,0.65,34,0.34,1,0.01,6.954900000000002,11.51,4.21,11.107692307692307,12.257142857142858,0.2198088618592528,0.365768896611642,0.1624674196350999,0.0981754995655951,0.15377932232841,3,31,results/runs/trpo_seed0/checkpoints/trpo_seed0_800000_steps,v3
trpo,1,800000,100,1000,79,0.79,18,0.18,3,0.03,7.821900000000002,17.81,4.38,17.075949367088608,20.571428571428573,0.4581695676586187,0.2734418865805727,0.2178551375631667,0.0,0.0505334081976417,6,12,results/runs/trpo_seed1/checkpoints/trpo_seed1_800000_steps,v3
trpo,2,800000,100,1000,79,0.79,21,0.21,0,0.0,7.9430999999999985,19.69,4.4,16.70886075949367,30.904761904761905,0.5891315388522093,0.2234636871508379,0.1874047739969527,0.0,0.0,9,12,results/runs/trpo_seed2/checkpoints/trpo_seed2_800000_steps,v3
trpo,3,800000,100,1000,74,0.74,23,0.23,3,0.03,7.3178,16.22,4.16,14.513513513513514,21.076923076923077,0.1541307028360049,0.2564734895191122,0.5893958076448829,0.0,0.0,12,11,results/runs/trpo_seed3/checkpoints/trpo_seed3_800000_steps,v3
trpo,4,800000,100,1000,76,0.76,20,0.2,4,0.04,7.5219,18.81,4.31,16.105263157894736,27.375,0.0,0.2296650717703349,0.7703349282296651,0.0,0.0,5,15,results/runs/trpo_seed4/checkpoints/trpo_seed4_800000_steps,v3
trpo,0,1000000,100,1000,73,0.73,26,0.26,1,0.01,7.573200000000005,11.68,4.35,11.232876712328768,12.88888888888889,0.1421232876712329,0.3724315068493151,0.2148972602739726,0.110445205479452,0.1601027397260274,4,22,results/runs/trpo_seed0/final_model,v3
trpo,1,1000000,100,1000,81,0.81,16,0.16,3,0.03,7.9868,20.32,4.45,17.530864197530864,32.21052631578947,0.389271653543307,0.2436023622047244,0.3149606299212598,0.0,0.0521653543307086,5,11,results/runs/trpo_seed1/final_model,v3
trpo,2,1000000,100,1000,71,0.71,28,0.28,1,0.01,7.1701000000000015,17.99,4.13,14.774647887323944,25.86206896551724,0.7698721511951084,0.2295719844357976,0.0005558643690939,0.0,0.0,13,15,results/runs/trpo_seed2/final_model,v3
trpo,3,1000000,100,1000,75,0.75,21,0.21,4,0.04,7.3814,17.86,4.22,14.52,27.88,0.1405375139977603,0.2362821948488241,0.6231802911534154,0.0,0.0,8,13,results/runs/trpo_seed3/final_model,v3
trpo,4,1000000,100,1000,71,0.71,27,0.27,2,0.02,7.189200000000002,16.08,4.17,13.04225352112676,23.517241379310345,0.0,0.2593283582089552,0.7406716417910447,0.0,0.0,10,17,results/runs/trpo_seed4/final_model,v3
a2c,0,200000,100,1000,2,0.02,98,0.98,0,0.0,2.5058,3.42,3.42,9.0,3.306122448979592,0.0,1.0,0.0,0.0,0.0,29,37,results/runs/v4/a2c_seed0/checkpoints/a2c_seed0_200000_steps,v4
a2c,0,400000,100,1000,2,0.02,98,0.98,0,0.0,2.5058,3.42,3.42,9.0,3.306122448979592,0.0,1.0,0.0,0.0,0.0,29,37,results/runs/v4/a2c_seed0/checkpoints/a2c_seed0_400000_steps,v4
a2c,0,600000,100,1000,2,0.02,98,0.98,0,0.0,2.5058,3.42,3.42,9.0,3.306122448979592,0.0,1.0,0.0,0.0,0.0,29,37,results/runs/v4/a2c_seed0/checkpoints/a2c_seed0_600000_steps,v4
a2c,0,800000,100,1000,2,0.02,98,0.98,0,0.0,2.5058,3.42,3.42,9.0,3.306122448979592,0.0,1.0,0.0,0.0,0.0,29,37,results/runs/v4/a2c_seed0/checkpoints/a2c_seed0_800000_steps,v4
a2c,0,1000000,100,1000,2,0.02,98,0.98,0,0.0,2.5058,3.42,3.42,9.0,3.306122448979592,0.0,1.0,0.0,0.0,0.0,29,37,results/runs/v4/a2c_seed0/final_model,v4
dqn,0,200000,100,1000,0,0.0,78,0.78,22,0.22,-0.6241,42.41,1.68,0.0,42.41,0.0002357934449422,0.0714454138174958,0.3930676727186984,0.3086536194293798,0.2265975005894836,78,0,results/runs/v4/dqn_seed0/checkpoints/dqn_seed0_200000_steps,v4
dqn,1,200000,100,1000,0,0.0,86,0.86,14,0.14,-0.0583000000000003,34.83,1.85,0.0,34.83,0.0083261556129773,0.0979041056560436,0.2931380993396497,0.3046224519092736,0.2960091874820557,86,0,results/runs/v4/dqn_seed1/checkpoints/dqn_seed1_200000_steps,v4
dqn,2,200000,100,1000,0,0.0,54,0.54,46,0.46,-1.8829000000000011,61.29,1.57,0.0,61.29,0.0,0.0600424212759014,0.2310327949094469,0.1714798498939468,0.5374449339207048,54,0,results/runs/v4/dqn_seed2/checkpoints/dqn_seed2_200000_steps,v4
dqn,3,200000,100,1000,0,0.0,5,0.05,95,0.95,-4.7163,95.63,1.04,0.0,95.63,0.001150266652724,0.0194499634006065,0.5877862595419847,0.0,0.3916135104046847,5,0,results/runs/v4/dqn_seed3/checkpoints/dqn_seed3_200000_steps,v4
dqn,4,200000,100,1000,0,0.0,76,0.76,24,0.24,-0.7616000000000005,49.16,1.69,0.0,49.16,0.0038649308380797,0.0683482506102522,0.3441822620016273,0.3702196908055329,0.2133848657445077,76,0,results/runs/v4/dqn_seed4/checkpoints/dqn_seed4_200000_steps,v4
dqn,0,400000,100,1000,0,0.0,59,0.59,41,0.41,-1.3723999999999998,74.24,2.01,0.0,74.24,0.109375,0.0604795258620689,0.0611530172413793,0.5880926724137931,0.1808997844827586,57,2,results/runs/v4/dqn_seed0/checkpoints/dqn_seed0_400000_steps,v4
dqn,1,400000,100,1000,0,0.0,75,0.75,25,0.25,-0.7477000000000004,69.77,1.95,0.0,69.77,0.2094023219148631,0.055611294252544,0.1947828579618747,0.3717930342554106,0.1684104916153074,75,0,results/runs/v4/dqn_seed1/checkpoints/dqn_seed1_400000_steps,v4
dqn,2,400000,100,1000,0,0.0,33,0.33,67,0.67,-2.4280000000000004,70.8,1.96,0.0,70.8,0.5193502824858757,0.0388418079096045,0.2346045197740113,0.1042372881355932,0.1029661016949152,33,0,results/runs/v4/dqn_seed2/checkpoints/dqn_seed2_400000_steps,v4
dqn,3,400000,100,1000,0,0.0,77,0.77,23,0.23,-0.1770999999999995,31.71,2.06,0.0,31.71,0.3399558498896247,0.1280353200883002,0.3721223588773257,0.0690633869441816,0.0908230842005676,72,5,results/runs/v4/dqn_seed3/checkpoints/dqn_seed3_400000_steps,v4
dqn,4,400000,100,1000,0,0.0,7,0.07,93,0.93,-3.6533,93.33,2.0,0.0,93.33,0.5051966141647916,0.0444658737812064,0.1284688738883531,0.1699346405228758,0.1519339976427729,7,0,results/runs/v4/dqn_seed4/checkpoints/dqn_seed4_400000_steps,v4
dqn,0,600000,100,1000,9,0.09,91,0.91,0,0.0,4.599300000000002,12.07,5.18,14.77777777777778,11.802197802197805,0.1085335542667771,0.4333057166528583,0.0099420049710024,0.2916321458160729,0.1565865782932891,1,27,results/runs/v4/dqn_seed0/checkpoints/dqn_seed0_600000_steps,v4
dqn,1,600000,100,1000,4,0.04,74,0.74,22,0.22,2.680000000000003,29.0,4.61,11.75,29.71875,0.0848275862068965,0.1634482758620689,0.0224137931034482,0.1248275862068965,0.6044827586206897,6,17,results/runs/v4/dqn_seed1/checkpoints/dqn_seed1_600000_steps,v4
dqn,2,600000,100,1000,0,0.0,100,1.0,0,0.0,3.2697000000000003,5.03,4.32,0.0,5.03,0.1093439363817097,0.8667992047713717,0.0238568588469184,0.0,0.0,2,46,results/runs/v4/dqn_seed2/checkpoints/dqn_seed2_600000_steps,v4
dqn,3,600000,100,1000,1,0.01,99,0.99,0,0.0,2.736299999999998,5.37,3.73,12.0,5.303030303030303,0.0148975791433892,0.7653631284916201,0.180633147113594,0.0111731843575419,0.0279329608938547,12,58,results/runs/v4/dqn_seed3/checkpoints/dqn_seed3_600000_steps,v4
dqn,4,600000,100,1000,4,0.04,96,0.96,0,0.0,3.6900000000000017,5.0,4.5,10.25,4.78125,0.01,0.9,0.088,0.002,0.0,2,46,results/runs/v4/dqn_seed4/checkpoints/dqn_seed4_600000_steps,v4
dqn,0,800000,100,1000,11,0.11,89,0.89,0,0.0,5.403100000000004,25.69,6.0,27.0,25.528089887640448,0.208641494745037,0.2440638380692876,0.0194628260023355,0.3904242896068509,0.1374075515764889,1,7,results/runs/v4/dqn_seed0/checkpoints/dqn_seed0_800000_steps,v4
dqn,1,800000,100,1000,5,0.05,95,0.95,0,0.0,4.8856,10.44,5.69,17.8,10.052631578947368,0.1139846743295019,0.5593869731800766,0.0229885057471264,0.1954022988505747,0.1082375478927203,1,2,results/runs/v4/dqn_seed1/checkpoints/dqn_seed1_800000_steps,v4
dqn,2,800000,100,1000,6,0.06,93,0.93,1,0.01,4.994500000000003,10.55,5.78,12.333333333333334,10.436170212765957,0.2341232227488151,0.5620853080568721,0.0246445497630331,0.124170616113744,0.0549763033175355,1,2,results/runs/v4/dqn_seed2/checkpoints/dqn_seed2_800000_steps,v4
dqn,3,800000,100,1000,6,0.06,94,0.94,0,0.0,4.815900000000004,12.41,5.58,17.5,12.085106382978724,0.1442385173247381,0.4568896051571313,0.0507655116841257,0.1265108783239323,0.2215954875100725,0,9,results/runs/v4/dqn_seed3/checkpoints/dqn_seed3_800000_steps,v4
dqn,4,800000,100,1000,6,0.06,94,0.94,0,0.0,4.656900000000004,10.31,5.4,12.0,10.202127659574469,0.1125121241513094,0.5441319107662463,0.0940834141610087,0.2259941804073715,0.023278370514064,1,14,results/runs/v4/dqn_seed4/checkpoints/dqn_seed4_800000_steps,v4
dqn,0,1000000,100,1000,16,0.16,84,0.84,0,0.0,6.318300000000007,16.17,6.52,19.375,15.55952380952381,0.0909090909090909,0.4143475572047,0.0265924551638837,0.4607297464440321,0.0074211502782931,1,8,results/runs/v4/dqn_seed0/final_model,v4
dqn,1,1000000,100,1000,9,0.09,90,0.9,1,0.01,5.038700000000006,34.13,5.88,52.55555555555556,32.30769230769231,0.0588924699677702,0.1755054204512159,0.0079109288016407,0.4016993847055377,0.3559917960738353,1,8,results/runs/v4/dqn_seed1/final_model,v4
dqn,2,1000000,100,1000,7,0.07,93,0.93,0,0.0,5.213900000000003,18.61,5.98,29.0,17.827956989247312,0.1740999462654487,0.3326168726491134,0.0247178936055883,0.3987103707684041,0.0698549167114454,0,3,results/runs/v4/dqn_seed2/final_model,v4
dqn,3,1000000,100,1000,11,0.11,89,0.89,0,0.0,5.526300000000003,11.37,5.98,16.454545454545453,10.741573033707866,0.0976253298153034,0.544415127528584,0.0545294635004397,0.3025505716798592,0.0008795074758135,0,3,results/runs/v4/dqn_seed3/final_model,v4
dqn,4,1000000,100,1000,8,0.08,92,0.92,0,0.0,5.275800000000004,11.42,5.91,21.375,10.554347826086955,0.1532399299474606,0.5280210157618214,0.0429071803852889,0.2714535901926445,0.0043782837127845,2,6,results/runs/v4/dqn_seed4/final_model,v4
ppo,0,200000,100,1000,7,0.07,93,0.93,0,0.0,4.749600000000002,7.04,5.4,10.857142857142858,6.752688172043011,0.1548295454545454,0.7670454545454546,0.0127840909090909,0.065340909090909,0.0,0,21,results/runs/v4/ppo_seed0/checkpoints/ppo_seed0_200000_steps,v4
ppo,1,200000,100,1000,6,0.06,94,0.94,0,0.0,5.032900000000001,6.71,5.74,10.0,6.5,0.0327868852459016,0.8554396423248882,0.0417287630402384,0.0268256333830104,0.0432190760059612,1,6,results/runs/v4/ppo_seed1/checkpoints/ppo_seed1_200000_steps,v4
ppo,2,200000,100,1000,6,0.06,94,0.94,0,0.0,4.693300000000001,6.67,5.4,11.0,6.3936170212765955,0.0374812593703148,0.8095952023988006,0.095952023988006,0.0554722638680659,0.0014992503748125,1,18,results/runs/v4/ppo_seed2/checkpoints/ppo_seed2_200000_steps,v4
ppo,3,200000,100,1000,5,0.05,95,0.95,0,0.0,4.868400000000002,7.16,5.64,10.4,6.989473684210527,0.1131284916201117,0.7877094972067039,0.0,0.0991620111731843,0.0,0,12,results/runs/v4/ppo_seed3/checkpoints/ppo_seed3_200000_steps,v4
ppo,4,200000,100,1000,5,0.05,95,0.95,0,0.0,4.779300000000002,7.07,5.55,10.0,6.91578947368421,0.0862800565770862,0.785007072135785,0.0367751060820367,0.0608203677510608,0.0311173974540311,2,11,results/runs/v4/ppo_seed4/checkpoints/ppo_seed4_200000_steps,v4
ppo,0,400000,100,1000,7,0.07,93,0.93,0,0.0,5.0719,6.81,5.72,10.0,6.56989247311828,0.0837004405286343,0.8399412628487518,0.0146842878120411,0.0293685756240822,0.0323054331864904,1,6,results/runs/v4/ppo_seed0/checkpoints/ppo_seed0_400000_steps,v4
ppo,1,400000,100,1000,7,0.07,93,0.93,0,0.0,5.1524,6.76,5.8,10.0,6.516129032258065,0.0355029585798816,0.8579881656804734,0.0355029585798816,0.0281065088757396,0.0428994082840236,2,4,results/runs/v4/ppo_seed1/checkpoints/ppo_seed1_400000_steps,v4
ppo,2,400000,100,1000,7,0.07,93,0.93,0,0.0,4.828700000000001,7.13,5.48,11.142857142857142,6.827956989247312,0.0434782608695652,0.7713884992987378,0.1178120617110799,0.0631136044880785,0.0042075736325385,1,18,results/runs/v4/ppo_seed2/checkpoints/ppo_seed2_400000_steps,v4
ppo,3,400000,100,1000,7,0.07,93,0.93,0,0.0,5.198200000000002,8.18,5.86,11.428571428571429,7.935483870967742,0.1210268948655256,0.7163814180929096,0.0,0.1625916870415648,0.0,1,2,results/runs/v4/ppo_seed3/checkpoints/ppo_seed3_400000_steps,v4
ppo,4,400000,100,1000,4,0.04,96,0.96,0,0.0,4.8904000000000005,6.96,5.72,10.25,6.822916666666667,0.050287356321839,0.8218390804597702,0.0517241379310344,0.0445402298850574,0.0316091954022988,1,4,results/runs/v4/ppo_seed4/checkpoints/ppo_seed4_400000_steps,v4
ppo,0,600000,100,1000,6,0.06,94,0.94,0,0.0,5.051699999999999,6.83,5.76,9.666666666666666,6.648936170212766,0.0702781844802342,0.8433382137628112,0.0219619326500732,0.027818448023426,0.0366032210834553,0,7,results/runs/v4/ppo_seed0/checkpoints/ppo_seed0_600000_steps,v4
ppo,1,600000,100,1000,9,0.09,91,0.91,0,0.0,5.310500000000002,6.95,5.84,10.11111111111111,6.637362637362638,0.0474820143884892,0.8402877697841726,0.0402877697841726,0.0287769784172661,0.0431654676258992,1,8,results/runs/v4/ppo_seed1/checkpoints/ppo_seed1_600000_steps,v4
ppo,2,600000,100,1000,7,0.07,93,0.93,0,0.0,4.928700000000001,7.13,5.58,11.142857142857142,6.827956989247312,0.0392706872370266,0.7854137447405329,0.1136044880785413,0.0575035063113604,0.0042075736325385,0,14,results/runs/v4/ppo_seed2/checkpoints/ppo_seed2_600000_steps,v4
ppo,3,600000,100,1000,5,0.05,95,0.95,0,0.0,5.1621000000000015,7.79,5.94,10.8,7.631578947368421,0.1014120667522464,0.7625160462130937,0.0102695763799743,0.1258023106546855,0.0,1,1,results/runs/v4/ppo_seed3/checkpoints/ppo_seed3_600000_steps,v4
ppo,4,600000,100,1000,7,0.07,93,0.93,0,0.0,5.169300000000001,7.07,5.82,10.285714285714286,6.827956989247312,0.0438472418670438,0.8231966053748232,0.0466760961810466,0.0424328147100424,0.0438472418670438,0,5,results/runs/v4/ppo_seed4/checkpoints/ppo_seed4_600000_steps,v4
ppo,0,800000,100,1000,6,0.06,94,0.94,0,0.0,5.0125,6.75,5.72,9.666666666666666,6.5638297872340425,0.0503703703703703,0.8474074074074074,0.0266666666666666,0.037037037037037,0.0385185185185185,1,6,results/runs/v4/ppo_seed0/checkpoints/ppo_seed0_800000_steps,v4
ppo,1,800000,100,1000,7,0.07,93,0.93,0,0.0,5.2288000000000014,7.12,5.88,10.285714285714286,6.881720430107527,0.0533707865168539,0.8258426966292135,0.0379213483146067,0.0435393258426966,0.0393258426966292,0,7,results/runs/v4/ppo_seed1/checkpoints/ppo_seed1_800000_steps,v4
ppo,2,800000,100,1000,8,0.08,92,0.92,0,0.0,4.891400000000001,6.86,5.48,10.875,6.510869565217392,0.0393586005830903,0.7988338192419825,0.1107871720116618,0.0481049562682215,0.0029154518950437,3,13,results/runs/v4/ppo_seed2/checkpoints/ppo_seed2_800000_steps,v4
ppo,3,800000,100,1000,10,0.1,90,0.9,0,0.0,5.5615,7.85,6.04,10.7,7.533333333333333,0.0828025477707006,0.7694267515923567,0.0076433121019108,0.1401273885350318,0.0,1,5,results/runs/v4/ppo_seed3/checkpoints/ppo_seed3_800000_steps,v4
ppo,4,800000,100,1000,6,0.06,94,0.94,0,0.0,4.9674000000000005,7.26,5.68,10.0,7.085106382978723,0.046831955922865,0.7920110192837465,0.0606060606060606,0.0537190082644628,0.046831955922865,0,7,results/runs/v4/ppo_seed4/checkpoints/ppo_seed4_800000_steps,v4
ppo,0,1000000,100,1000,6,0.06,94,0.94,0,0.0,5.0313,6.87,5.74,10.0,6.670212765957447,0.0640465793304221,0.8355167394468704,0.0218340611353711,0.0305676855895196,0.0480349344978165,1,6,results/runs/v4/ppo_seed0/final_model,v4
ppo,1,1000000,100,1000,8,0.08,92,0.92,0,0.0,5.270100000000002,6.99,5.86,10.125,6.717391304347826,0.050071530758226,0.8383404864091559,0.0329041487839771,0.0271816881258941,0.0515021459227467,2,5,results/runs/v4/ppo_seed1/final_model,v4
ppo,2,1000000,100,1000,7,0.07,93,0.93,0,0.0,4.9684,7.16,5.62,10.714285714285714,6.89247311827957,0.0349162011173184,0.7849162011173184,0.1117318435754189,0.0642458100558659,0.0041899441340782,1,12,results/runs/v4/ppo_seed2/final_model,v4
ppo,3,1000000,100,1000,7,0.07,93,0.93,0,0.0,5.340900000000001,7.91,6.0,10.714285714285714,7.698924731182796,0.0935524652338811,0.7585335018963337,0.011378002528445,0.13653603034134,0.0,1,2,results/runs/v4/ppo_seed3/final_model,v4
ppo,4,1000000,100,1000,7,0.07,93,0.93,0,0.0,5.188100000000002,7.19,5.84,10.571428571428571,6.935483870967742,0.0375521557719054,0.8233657858136301,0.062586926286509,0.0305980528511821,0.0458970792767733,0,6,results/runs/v4/ppo_seed4/final_model,v4
qrdqn,0,200000,100,1000,4,0.04,96,0.96,0,0.0,3.6893000000000016,5.07,4.5,10.25,4.854166666666667,0.009861932938856,0.8875739644970414,0.0,0.1025641025641025,0.0,1,47,results/runs/v4/qrdqn_50q_seed0/checkpoints/qrdqn_50q_seed0_200000_steps,v4
qrdqn,1,200000,100,1000,5,0.05,95,0.95,0,0.0,3.770100000000002,4.99,4.52,9.8,4.7368421052631575,0.0140280561122244,0.905811623246493,0.0,0.0681362725450901,0.0120240480961923,3,47,results/runs/v4/qrdqn_50q_seed1/checkpoints/qrdqn_50q_seed1_200000_steps,v4
qrdqn,2,200000,100,1000,5,0.05,95,0.95,0,0.0,3.6912000000000025,4.88,4.44,10.0,4.610526315789474,0.0,0.9098360655737704,0.0040983606557377,0.0860655737704918,0.0,2,49,results/runs/v4/qrdqn_50q_seed2/checkpoints/qrdqn_50q_seed2_200000_steps,v4
qrdqn,3,200000,100,1000,0,0.0,83,0.83,17,0.17,2.261600000000003,20.84,4.15,0.0,20.84,0.0196737044145873,0.1991362763915547,0.0004798464491362,0.047024952015355,0.7336852207293666,4,45,results/runs/v4/qrdqn_50q_seed3/checkpoints/qrdqn_50q_seed3_200000_steps,v4
qrdqn,4,200000,100,1000,4,0.04,96,0.96,0,0.0,3.611100000000002,4.89,4.42,9.75,4.6875,0.0102249488752556,0.9038854805725972,0.0184049079754601,0.0674846625766871,0.0,1,50,results/runs/v4/qrdqn_50q_seed4/checkpoints/qrdqn_50q_seed4_200000_steps,v4
qrdqn,0,400000,100,1000,7,0.07,85,0.85,8,0.08,4.159900000000002,28.01,5.34,17.428571428571427,28.806451612903224,0.1228132809710817,0.1906461977865048,0.003213138164941,0.0453409496608354,0.637986433416637,0,15,results/runs/v4/qrdqn_50q_seed0/checkpoints/qrdqn_50q_seed0_400000_steps,v4
qrdqn,1,400000,100,1000,7,0.07,93,0.93,0,0.0,4.457,6.3,5.1,11.142857142857142,5.935483870967742,0.046031746031746,0.8095238095238095,0.0,0.0698412698412698,0.0746031746031746,0,25,results/runs/v4/qrdqn_50q_seed1/checkpoints/qrdqn_50q_seed1_400000_steps,v4
qrdqn,2,400000,100,1000,4,0.04,96,0.96,0,0.0,4.259999999999998,6.0,5.08,9.5,5.854166666666667,0.0566666666666666,0.8466666666666667,0.01,0.0066666666666666,0.08,3,20,results/runs/v4/qrdqn_50q_seed2/checkpoints/qrdqn_50q_seed2_400000_steps,v4
qrdqn,3,400000,100,1000,2,0.02,28,0.28,70,0.7,-2.6027000000000005,75.27,1.83,28.5,76.22448979591837,0.000797130330809,0.0507506310615118,0.2072538860103626,0.1780257738806961,0.5631725787166202,14,3,results/runs/v4/qrdqn_50q_seed3/checkpoints/qrdqn_50q_seed3_400000_steps,v4
qrdqn,4,400000,100,1000,4,0.04,62,0.62,34,0.34,2.2582000000000093,44.18,4.82,14.0,45.4375,0.4846084200995926,0.1090991398822996,0.0027161611588954,0.219556360344047,0.1840199185151652,0,15,results/runs/v4/qrdqn_50q_seed4/checkpoints/qrdqn_50q_seed4_400000_steps,v4
qrdqn,0,600000,100,1000,5,0.05,78,0.78,17,0.17,3.0451000000000095,80.49,5.23,79.4,80.54736842105264,0.3728413467511492,0.0745434215430488,0.042862467387253,0.2543173064977015,0.2554354578208473,1,10,results/runs/v4/qrdqn_50q_seed0/checkpoints/qrdqn_50q_seed0_600000_steps,v4
qrdqn,1,600000,100,1000,6,0.06,58,0.58,36,0.36,2.231100000000014,75.89,5.07,70.16666666666667,76.25531914893617,0.2234813545921729,0.069310844643563,0.0516537093161154,0.3292923968902358,0.3262616945579127,0,2,results/runs/v4/qrdqn_50q_seed1/checkpoints/qrdqn_50q_seed1_600000_steps,v4
qrdqn,2,600000,100,1000,8,0.08,73,0.73,19,0.19,3.826600000000003,27.34,5.38,19.0,28.065217391304348,0.1060716898317483,0.1971470373079736,0.0014630577907827,0.0113386978785662,0.6839795171909291,1,11,results/runs/v4/qrdqn_50q_seed2/checkpoints/qrdqn_50q_seed2_600000_steps,v4
qrdqn,3,600000,100,1000,6,0.06,42,0.42,52,0.52,0.6412000000000013,93.88,4.3,86.5,94.35106382978724,0.1455048998721772,0.0481465700894759,0.1487004686834256,0.0813804857264593,0.5762675756284619,0,0,results/runs/v4/qrdqn_50q_seed3/checkpoints/qrdqn_50q_seed3_600000_steps,v4
qrdqn,4,600000,100,1000,5,0.05,95,0.95,0,0.0,4.8053000000000035,13.47,5.64,17.0,13.284210526315787,0.487750556792873,0.4194506310319228,0.0007423904974016,0.0438010393466963,0.0482553823311061,0,9,results/runs/v4/qrdqn_50q_seed4/checkpoints/qrdqn_50q_seed4_600000_steps,v4
qrdqn,0,800000,100,1000,13,0.13,87,0.87,0,0.0,5.582400000000002,23.76,6.04,29.46153846153846,22.908045977011493,0.2398989898989899,0.2680976430976431,0.0791245791245791,0.1418350168350168,0.271043771043771,0,2,results/runs/v4/qrdqn_50q_seed0/checkpoints/qrdqn_50q_seed0_800000_steps,v4
qrdqn,1,800000,100,1000,4,0.04,41,0.41,55,0.55,0.9253000000000148,82.47,4.71,37.5,84.34375,0.4242754941190736,0.0580817266884927,0.0018188432157148,0.2554868437007396,0.2603370922759791,0,1,results/runs/v4/qrdqn_50q_seed1/checkpoints/qrdqn_50q_seed1_800000_steps,v4
qrdqn,2,800000,100,1000,13,0.13,55,0.55,32,0.32,3.4186000000000063,53.14,5.45,30.76923076923077,56.48275862068966,0.3014678208505834,0.1057583741061347,0.0255927738050432,0.0393300715092209,0.5278509597290177,0,0,results/runs/v4/qrdqn_50q_seed2/checkpoints/qrdqn_50q_seed2_800000_steps,v4
qrdqn,3,800000,100,1000,8,0.08,79,0.79,13,0.13,3.58070000000001,57.93,5.2,68.375,57.02173913043478,0.350768168479199,0.0937338166752977,0.0050060417745554,0.36078025202831,0.1897117210426376,7,12,results/runs/v4/qrdqn_50q_seed3/checkpoints/qrdqn_50q_seed3_800000_steps,v4
qrdqn,4,800000,100,1000,8,0.08,92,0.92,0,0.0,5.331300000000003,12.87,5.98,16.625,12.543478260869565,0.1701631701631701,0.466977466977467,0.0629370629370629,0.0287490287490287,0.2711732711732711,0,0,results/runs/v4/qrdqn_50q_seed4/checkpoints/qrdqn_50q_seed4_800000_steps,v4
qrdqn,0,1000000,100,1000,15,0.15,85,0.85,0,0.0,5.693800000000011,50.62,6.3,55.46666666666667,49.76470588235294,0.0825760568945081,0.1341367048597392,0.0314105096799683,0.0847491110233109,0.6671276175424733,1,0,results/runs/v4/qrdqn_50q_seed0/final_model,v4
qrdqn,1,1000000,100,1000,11,0.11,88,0.88,1,0.01,5.391800000000005,16.82,5.94,36.90909090909091,14.337078651685394,0.0868014268727705,0.3769322235434007,0.0909631391200951,0.2895362663495838,0.1557669441141498,1,2,results/runs/v4/qrdqn_50q_seed1/final_model,v4
qrdqn,2,1000000,100,1000,9,0.09,70,0.7,21,0.21,3.846600000000011,65.34,5.8,78.77777777777777,64.01098901098901,0.3885827976737068,0.0899908172635445,0.0030609121518212,0.0286195286195286,0.4897459442913988,0,1,results/runs/v4/qrdqn_50q_seed2/final_model,v4
qrdqn,3,1000000,100,1000,15,0.15,83,0.83,2,0.02,5.4328000000000065,38.72,6.0,54.266666666666666,35.976470588235294,0.6048553719008265,0.1658057851239669,0.0180785123966942,0.0521694214876033,0.1590909090909091,1,4,results/runs/v4/qrdqn_50q_seed3/final_model,v4
qrdqn,4,1000000,100,1000,10,0.1,90,0.9,0,0.0,5.493700000000007,32.63,6.22,41.9,31.6,0.4529574011645725,0.1906221268771069,0.003064664419246,0.0113392583512105,0.3420165491878639,0,6,results/runs/v4/qrdqn_50q_seed4/final_model,v4
trpo,0,200000,100,1000,5,0.05,95,0.95,0,0.0,4.576900000000001,6.31,5.34,10.2,6.105263157894737,0.0903328050713153,0.8462757527733756,0.0,0.063391442155309,0.0,4,16,results/runs/v4/trpo_seed0/checkpoints/trpo_seed0_200000_steps,v4
trpo,1,200000,100,1000,6,0.06,94,0.94,0,0.0,4.814600000000001,6.54,5.52,9.666666666666666,6.340425531914893,0.0779816513761468,0.8440366972477065,0.0229357798165137,0.0321100917431192,0.0229357798165137,1,15,results/runs/v4/trpo_seed1/checkpoints/trpo_seed1_200000_steps,v4
trpo,2,200000,100,1000,4,0.04,96,0.96,0,0.0,4.653100000000001,6.69,5.48,10.75,6.520833333333333,0.0866965620328849,0.8191330343796711,0.0089686098654708,0.0627802690582959,0.0224215246636771,0,15,results/runs/v4/trpo_seed2/checkpoints/trpo_seed2_200000_steps,v4
trpo,3,200000,100,1000,6,0.06,94,0.94,0,0.0,4.7376000000000005,6.24,5.44,9.666666666666666,6.0212765957446805,0.0128205128205128,0.8717948717948718,0.0576923076923076,0.0368589743589743,0.0208333333333333,2,15,results/runs/v4/trpo_seed3/checkpoints/trpo_seed3_200000_steps,v4
trpo,4,200000,100,1000,5,0.05,95,0.95,0,0.0,4.479500000000002,6.05,5.24,9.8,5.852631578947369,0.0826446280991735,0.8661157024793389,0.0049586776859504,0.0446280991735537,0.0016528925619834,3,21,results/runs/v4/trpo_seed4/checkpoints/trpo_seed4_200000_steps,v4
trpo,0,400000,100,1000,5,0.05,95,0.95,0,0.0,4.9872000000000005,7.28,5.76,10.4,7.11578947368421,0.0673076923076923,0.7912087912087912,0.0274725274725274,0.114010989010989,0.0,0,9,results/runs/v4/trpo_seed0/checkpoints/trpo_seed0_400000_steps,v4
trpo,1,400000,100,1000,4,0.04,96,0.96,0,0.0,4.7136000000000005,6.64,5.54,9.75,6.510416666666667,0.0512048192771084,0.8343373493975904,0.0466867469879518,0.0436746987951807,0.0240963855421686,0,14,results/runs/v4/trpo_seed1/checkpoints/trpo_seed1_400000_steps,v4
trpo,2,400000,100,1000,8,0.08,92,0.92,0,0.0,5.248500000000003,7.15,5.84,10.75,6.836956521739131,0.0489510489510489,0.8167832167832167,0.0475524475524475,0.0657342657342657,0.0209790209790209,0,6,results/runs/v4/trpo_seed2/checkpoints/trpo_seed2_400000_steps,v4
trpo,3,400000,100,1000,5,0.05,95,0.95,0,0.0,4.949400000000001,7.06,5.72,10.8,6.863157894736842,0.0736543909348441,0.8101983002832861,0.0354107648725212,0.0609065155807365,0.0198300283286118,1,5,results/runs/v4/trpo_seed3/checkpoints/trpo_seed3_400000_steps,v4
trpo,4,400000,100,1000,6,0.06,94,0.94,0,0.0,4.834900000000001,6.51,5.54,10.0,6.287234042553192,0.0030721966205837,0.8509984639016898,0.0890937019969278,0.0522273425499231,0.0046082949308755,1,15,results/runs/v4/trpo_seed4/checkpoints/trpo_seed4_400000_steps,v4
trpo,0,600000,100,1000,6,0.06,94,0.94,0,0.0,5.105700000000001,7.43,5.82,10.666666666666666,7.223404255319149,0.0,0.784656796769852,0.0861372812920592,0.1292059219380888,0.0,0,3,results/runs/v4/trpo_seed0/checkpoints/trpo_seed0_600000_steps,v4
trpo,1,600000,100,1000,6,0.06,94,0.94,0,0.0,5.0692,7.08,5.78,10.333333333333334,6.872340425531915,0.0663841807909604,0.8163841807909604,0.0480225988700565,0.0409604519774011,0.0282485875706214,0,8,results/runs/v4/trpo_seed1/checkpoints/trpo_seed1_600000_steps,v4
trpo,2,600000,100,1000,7,0.07,93,0.93,0,0.0,5.208200000000001,7.18,5.86,10.142857142857142,6.956989247311828,0.0445682451253481,0.8161559888579387,0.0571030640668523,0.0612813370473537,0.0208913649025069,0,3,results/runs/v4/trpo_seed2/checkpoints/trpo_seed2_600000_steps,v4
trpo,3,600000,100,1000,6,0.06,94,0.94,0,0.0,5.0306,6.94,5.74,10.333333333333334,6.723404255319149,0.1066282420749279,0.8270893371757925,0.0014409221902017,0.0432276657060518,0.0216138328530259,1,4,results/runs/v4/trpo_seed3/checkpoints/trpo_seed3_600000_steps,v4
trpo,4,600000,100,1000,6,0.06,94,0.94,0,0.0,4.973200000000001,6.68,5.68,9.666666666666666,6.48936170212766,0.0,0.8502994011976048,0.0943113772455089,0.0404191616766467,0.0149700598802395,0,8,results/runs/v4/trpo_seed4/checkpoints/trpo_seed4_600000_steps,v4
trpo,0,800000,100,1000,7,0.07,93,0.93,0,0.0,5.1388000000000025,8.12,5.8,11.142857142857142,7.89247311827957,0.0110837438423645,0.7142857142857143,0.0899014778325123,0.1847290640394088,0.0,1,6,results/runs/v4/trpo_seed0/checkpoints/trpo_seed0_800000_steps,v4
trpo,1,800000,100,1000,8,0.08,92,0.92,0,0.0,5.285400000000001,7.46,5.88,10.875,7.163043478260869,0.1058981233243967,0.7882037533512064,0.0388739946380697,0.0361930294906166,0.0308310991957104,0,3,results/runs/v4/trpo_seed1/checkpoints/trpo_seed1_800000_steps,v4
trpo,2,800000,100,1000,3,0.03,97,0.97,0,0.0,4.7671,7.29,5.66,11.333333333333334,7.164948453608248,0.0781893004115226,0.7764060356652949,0.046639231824417,0.083676268861454,0.0150891632373113,0,6,results/runs/v4/trpo_seed2/checkpoints/trpo_seed2_800000_steps,v4
trpo,3,800000,100,1000,7,0.07,93,0.93,0,0.0,5.109200000000001,7.08,5.76,10.285714285714286,6.838709677419355,0.1087570621468926,0.8135593220338984,0.0,0.0564971751412429,0.0211864406779661,1,5,results/runs/v4/trpo_seed3/checkpoints/trpo_seed3_800000_steps,v4
trpo,4,800000,100,1000,9,0.09,91,0.91,0,0.0,5.448900000000001,7.11,5.98,10.11111111111111,6.813186813186813,0.0,0.8410689170182841,0.0998593530239099,0.0323488045007032,0.0267229254571026,1,2,results/runs/v4/trpo_seed4/checkpoints/trpo_seed4_800000_steps,v4
trpo,0,1000000,100,1000,7,0.07,93,0.93,0,0.0,5.2382000000000035,8.18,5.9,11.428571428571429,7.935483870967742,0.0158924205378973,0.7212713936430318,0.0782396088019559,0.1845965770171149,0.0,1,2,results/runs/v4/trpo_seed0/final_model,v4
trpo,1,1000000,100,1000,7,0.07,93,0.93,0,0.0,5.185400000000002,7.46,5.84,10.857142857142858,7.204301075268817,0.131367292225201,0.7828418230563002,0.017426273458445,0.0415549597855227,0.0268096514745308,0,8,results/runs/v4/trpo_seed1/final_model,v4
trpo,2,1000000,100,1000,5,0.05,95,0.95,0,0.0,5.030399999999999,6.96,5.8,10.0,6.8,0.050287356321839,0.8333333333333334,0.0474137931034482,0.0445402298850574,0.0244252873563218,0,3,results/runs/v4/trpo_seed2/final_model,v4
trpo,3,1000000,100,1000,6,0.06,94,0.94,0,0.0,5.226600000000001,7.34,5.94,10.333333333333334,7.148936170212766,0.1049046321525885,0.8092643051771117,0.0,0.0694822888283378,0.0163487738419618,0,3,results/runs/v4/trpo_seed3/final_model,v4
trpo,4,1000000,100,1000,6,0.06,94,0.94,0,0.0,5.0123999999999995,6.76,5.72,10.0,6.553191489361702,0.044378698224852,0.8461538461538461,0.0458579881656804,0.0414201183431952,0.022189349112426,3,1,results/runs/v4/trpo_seed4/final_model,v4
